Name,Country,Status,Latitude,Longitude,Design Capacity,Plant Type,Plant Use,Location,Power Grid,Cooling Water,Year Commissioned,Owner,Per Owner,Ownership Type,EPC Contractor,Operating Company,Regulatory Authority,Financed By,Reference
AES Central Thermal San Nicolas Power Plant Argentina,Argentina,Operating Fully,-33.3559,-60.1734,650,Sub-critical Thermal,Please Select,"San Nicholas, Buenos Aires, Argentina",Regional Grid,Parana River,1953-00-00,AES Argentina (since March 1993),,,,Central Termica San Nicolas (AES Argentina),,,http://www.aesargentina.com.ar/sannicolas_e.htm
Anglesea Coal Power Plant Australia,Australia,Operating Fully,-38.386,144.18287,150,Sub-critical Thermal,Base Load,"Anglesea, Victoria, Australia",Regional Grid,,1969-00-00,Alcoa of Australia,,Private,Ebasco,Alcoa of Australia,,,http://www.alcoa.com/australia/en/info_page/anglesea_power.asp
Bayswater Coal Power Plant Australia,Australia,Operating Fully,-32.395,150.9492,2640,Sub-critical Thermal,Base Load,"New South Wales, Australia",Regional Grid,Adjacent Bayswater Reservoir,1985-00-00,Macquarie Generation,,Government,,Macquarie Generation,,,http://www.macgen.com.au/Generation-Portfolio/Bayswater-Power-Station.aspx
Bluewaters Coal Power Station Australia,Australia,Operating Fully,-33.3315,116.227,416,Sub-critical Thermal,Base Load,"4.5 kilometres NE of Collie, Western Australia",Regional Grid,,2009-00-00,Griffin Energy,,Private,"Mitsui, D&Z Constructions",Griffin Energy,,,http://www.ga.gov.au/fossil_fuel/gmaps/operating.html
Callide B Coal Power Plant Australia,Australia,Operating Fully,-24.34495,150.61975,700,Sub-critical Thermal,Base Load,"18km East of Biloela, Queensland, Australia",Regional Grid,Awoonga dam and Stag Creek Pipeline,1989-00-00,CS Energy,100,Private,,CS Energy,,,http://www.csenergy.com.au/content-%2819%29-callide.htm  and  http://www.callideoxyfuel.com/Why/CallideAPowerStation/tabid/73/Default.aspx
Callide C Coal Power Plant Australia,Australia,Operating Fully,-24.33385,150.6279,900,Super-critical Thermal,Base Load,"19km NE of Biloela, Queensland, Australia",Regional Grid,Coll,2001-07-05,CS Energy,50,IPP,"Mitsui, Pacific Power International, IHI, Toshiba",CS Energy,,,http://www.csenergy.com.au/content-%2819%29-callide.htm
Collinsville Coal Power Plant Australia,Australia,Operating Fully,-20.545,147.8045,190,Sub-critical Thermal,Intermediate Load,"Collinsville, Queensland, Australia",Regional Grid,,1976-00-00,Transfield Services Limited,,,,,,,http://www.transfieldservices.com/page/News_Centre/News/2002/Transfield_Services_takes_full_ownership_of_Collinsville_power_station/
Energy Brix (Morwell) Coal Power Plant Australia,Australia,Operating Fully,-38.25458,146.4137,170,Sub-critical Thermal,Base Load,"Hazelwood, Latrobe Valley, Victoria, Australia",Regional Grid,,1958-00-00,Energy Brix Australia (part of HRL Limited Group),,,State Electricity Commission of Victoria (SECV),Energy Brix Australia,,,http://www.ebac.com.au/brix/power.asp
Eraring Coal Power Plant Australia,Australia,Operating Fully,-33.0622,151.5209,2840,Sub-critical Thermal,Base Load,"Hazelwood, Latrobe Valley, Victoria, Australia",Regional Grid,,1958-00-00,Energy Brix Australia (part of HRL Limited Group),,,State Electricity Commission of Victoria (SECV),Energy Brix Australia,,,http://www.ebac.com.au/brix/power.asp
Gladstone Coal Power Plant Australia,Australia,Operating Fully,-23.8507,151.2193,1680,Sub-critical Thermal,Base Load,"Gladstone, Queensland, Australia",Regional Grid,Seawater,1976-00-00,Rio Tinto Ltd,42.125,Private,Siemens,NRG Gladstone,,,http://www.nrggos.com.au/page/About_Us/
Hazelwood Coal Power Plant Australia,Australia,Operating Fully,-38.2724,146.3912,1600,Sub-critical Thermal,Base Load,"Hazelwood, Latrobe Valley, Victoria, Australia",Regional Grid,Hazelwood Pondage fed from the Moondarra Reservoir,1964-00-00,International Power � GDF SUEZ,42.125,Private,Siemens,NRG Gladstone,,,http://www.nrggos.com.au/page/About_Us/
Kogan Creek Coal Power Plant Australia,Australia,Operating Fully,-26.9164,150.74917,750,Super-critical Thermal,Base Load,"Chinchilla near Surat,  Queensland, Australia",Regional Grid,Air Cooling,2007-00-00,CS Energy,100,IPP,"Siemens, PB Power",CS Energy,,,http://www.csenergy.com.au/content-%2842%29-kogan-creek.htm
Kwinana ABC Coal Power Plant Australia,Australia,Operating Fully,-32.1982,115.775,420,Sub-critical Thermal,Base Load,"32 km S of Perth, Western Australia",Regional Grid,Seawater,1970-09-00,Verve Energy,,Government Province,,Verve Energy,,,http://www.verveenergy.com.au/mainContent/powerStations/Kwinana.html
Liddell Coal Power Plant Australia,Australia,Operating Fully,-32.3715,150.978,2000,Sub-critical Thermal,Base Load,"Muswellbrook, New South Wales, Australia",Regional Grid,Liddell Lake,1971-00-00,Macquarie Generation,100,Government,,Macquarie Generation,,,http://www.macgen.com.au/Generation-Portfolio/Liddell-Power-Station.aspx
Loy Yang A Coal Power Plant Australia,Australia,Operating Fully,-38.2533,146.5749,2210,Sub-critical Thermal,Base Load,"Traralgon, Victoria, Australia",Regional Grid,Moondarra Reservoir situated 25 kilometres northwest of the power station,1985-00-00,"Great Energy Alliance Corporation (GEAC) consisting of AGL, Tokyo Electric Power Co",,Private,,Loy Yang Power Management,,,http://www.loyyangpower.com.au/
Loy Yang B Coal Power Plant Australia,Australia,Operating Fully,-38.2561,146.5864,955,Sub-critical Thermal,Base Load,"Traralgon, Victoria, Australia",Regional Grid,,1993-00-00,International Power � GDF SUEZ,,Private,,Loy Yang Power Management,,,http://www.loyyangpower.com.au/
Millmerran Coal Power Plant Australia,Australia,Operating Fully,-27.96167,151.27917,880,Super-critical Thermal,Base Load,"9km South of Millmerran, Queensland, Australia",Regional Grid,,2003-00-00,InterGen Australia (Huaneng OzGen),53.7,IPP,,InterGen Australia,,,http://www.intergen.com/millmerran/
Mount Piper Coal Power Plant Australia,Australia,Operating Fully,-33.3586,150.0316,1400,Sub-critical Thermal,Base Load,"Portland, New South Wales, Australia",Regional Grid,Lyell Dam and Thomsons Creek Dam,1993-00-00,Energy Australia (acquired Mt Piper and Wallerawang power stations from NSW government in September 2013),100,,,Energy Australia (acquired Mt Piper and Wallerawang power stations from NSW government in September 2013),,,http://www.de.com.au/Power-Stations/Mt-Piper/Mt-Piper/default.aspx and http://www.de.com.au/About-Us/Annual-Reports/default.aspx
Muja Coal Power Plant Australia,Australia,Operating Fully,-33.4462,116.307,854,Sub-critical Thermal,Base Load,"225 km SE of Perth and 22 km E of Collie, Western Australia",Regional Grid,,1966-04-21,Verve Energy,,,SEC Western Australia,Verve Energy,,,http://www.verveenergy.com.au/mainContent/powerStations/muja.html
Munmorah Coal Power Station Australia (Shutdown),Australia,Decommissioned,-33.2117,151.5418,600,Sub-critical Thermal,Base Load,"near Doyalson, on the shores of Lake Munmorah, New South Wales, Australia",Regional Grid,Lake Munmorah and Budgewoi,1967-00-00,Delta Electricity,,Government of New South Wales,,Delta Electricity,,,http://www.de.com.au/New-Developments/Munmorah-Rehabilitation/default.aspx
Northern Coal Power Plant Australia,Australia,Operating Fully,-32.5429,137.788,544,Sub-critical Thermal,Base Load,"Port Augusta, South Australia, Australia",Regional Grid,Seawater,1967-00-00,Delta Electricity,,Government of New South Wales,,Delta Electricity,,,http://www.de.com.au/New-Developments/Munmorah-Rehabilitation/default.aspx
Stanwell Coal Power Plant Australia,Australia,Operating Fully,-23.5099,150.3189,1460,Sub-critical Thermal,Base Load,"22km west of Rockhampton, Queensland, Australia",Regional Grid,Fitzroy River,1993-00-00,Stanwell Corporation,100,Government,,Stanwell Corporation,,,http://www.stanwell.com/stanwell-power-station.aspx  and  http://www.stanwell.com/annual-reports.aspx
Swanbank B Coal Power Plant Australia,Australia,Decommissioned,-27.66049,152.8142,480,Sub-critical Thermal,Intermediate/Peak Load,"Ipswich, Swanbank, Queensland, Australia",Please Select,Lake Moogerah and the Western Corridor Recycled Water Project,1973-00-00,,,,,CS Energy,,,http://www.power-technology.com/projects/swanbank_gas_station/
Tarong Coal Power Plant Australia,Australia,Operating Fully,-26.7826,151.9151,1400,Sub-critical Thermal,Base Load,"Queensland, Australia",Regional Grid,,1984-05-00,Stanwell Corporation (acquired from Tarong Corporation in July 2011),100,Government,"Queensland Electricity Board, Clyde Riley Dodds, Theiss Australia",Stanwell Corporation,,,http://www.stanwell.com/tarong-power-station.aspx  and  http://www.stanwell.com/annual-reports.aspx
Tarong North Coal Power Plant Australia,Australia,Operating Fully,-26.7762,151.9145,443,Super-critical Thermal,Base Load,"Queensland, Australia",Regional Grid,,2003-00-00,Stanwell Corporation (merged with Tarong Corporation in July 2011),100,Government,"Pacific Power International, Mowlem, Laing O\'Rourke, Mitsui",Stanwell Corporation,,,http://www.stanwell.com/tarong-power-station.aspx  and  http://www.stanwell.com/annual-reports.aspx
Thomas Playford B Coal Power Plant Australia,Australia,Operating Fully,-32.5392,137.7824,240,Sub-critical Thermal,Intermediate Load,"Port Augusta, South Australia, Australia",Regional Grid,Seawater,1963-00-00,Alinta Energy,,,,Flinders Power,,,http://alintaenergy.com.au/assets/generation/flinders/
Vales Point B Coal Power Plant Australia,Australia,Operating Fully,-33.16,151.5446,1320,Sub-critical Thermal,Base Load,"Southern end of Lake Macquarie, New South Wales, Australia",Regional Grid,Salt water from Lake Macquarie,1976-00-00,Delta Electricity,100,Government,,Delta Electricity,,,http://www.de.com.au/About-Us/Power-Stations/Vales-Point/default.aspx and http://www.de.com.au/About-Us/Annual-Reports/default.aspx
Wallerawang-C Coal Power Plant Australia,Australia,Operating Fully,-33.4026,150.083,1000,Sub-critical Thermal,Base Load,"Wallerawang, New South Wales, Australia",Regional Grid,"Lake Wallace  and Lake Lyell, fresh water lakes on the Coxs River",1976-00-00,Energy Australia (acquired Mt Piper and Wallerawang power stations from NSW government in September 2013),100,Government,,Energy Australia (acquired Mt Piper and Wallerawang power stations from NSW government in September 2013),,,http://www.de.com.au/About-Us/Generation/Wallerawang/default.aspx and http://www.de.com.au/About-Us/Annual-Reports/default.aspx
Worsley Coal Cogen Power Plant Australia,Australia,Operating Fully,-33.2357,116.0687,130,Sub-critical Thermal,Please Select,"Worsley alumina refinery, SW Western Australia",Regional Grid,,1982-00-00,Worsley Alumina,,CPP,,,,,http://www.ga.gov.au/fossil_fuel/gmaps/operating.html
Worsley Multi-Fuel Cogen Power Plant Australia,Australia,Operating Fully,-33.2366,116.0638,114,Sub-critical Thermal,Base Load,"Worsley alumina refinery, Collie, SW Western Australia",Regional Grid,,2012-00-00,Griffin Energy,,,,Griffin Energy,,,http://www.thiess.com.au/capabilities/projects/worsley-multi-fuel-cogeneration-mfc-project
Yallourn West Coal Power Plant Australia,Australia,Operating Fully,-38.1772,146.3425,1480,Sub-critical Thermal,Base Load,"Yallourn, Latrobe Valley, Victoria, Australia",Regional Grid,Latrobe River,1974-08-00,CLP Hong Kong,100,Private,,EnergyAustralia (name change from TRUenergy),,,http://www.truenergy.com.au/about/what-we-do/generation/yallourn.xhtml
Duernrohr CHP Power Plant Austria,Austria,Operating Fully,48.3264,15.9246,757,Sub-critical Thermal,Please Select,"Duernrohr, Lower Austria, Austria",National Grid,Danube River,1985-12-00,VERBUND Thermal Power GmbH,,,,VERBUND Thermal Power GmbH,,,http://www.verbund.com/pp/de/waermekraftwerk/duernrohr
Lenzing Thermal Power Plant Austria,Austria,Operating Fully,47.9767,13.6201,70,Sub-critical Thermal,Please Select,"Lenzing, Upper Austria, Austria",National Grid,,1955-00-00,Lenzing Corporation,,,,Lenzing Corporation,,,
Mellach CHP Power Plant Austria,Austria,Operating Fully,46.9115,15.4884,246,Cogeneration Power and Heat Steam Turbine,Base/Intermediate Load,"Mellach south of Graz in Styria, Austria",National Grid,Mur River,1986-12-00,VERBUND Thermal Power GmbH,,,,VERBUND Thermal Power GmbH,,,http://www.verbund.com/pp/de/waermekraftwerk/mellach-fernheizkraftwerk
Barapukuria Coal Power Plant Bangladesh,Bangladesh,Operating Fully,25.554,88.95,250,Sub-critical Thermal,Base Load,"Dudhipur, Dinajpur, Bangladesh",National Grid,,2006-01-03,Bangladesh Power Development Board (BPDB),100,Government,"East China Electric Power Design Institute, Shenzhen Energy Engineering Corp, Shanghai Electric Group, CMEC",Bangladesh Power Development Board (BPDB,,,http://www.bpdb.gov.bd/download/power_plants.pdf
Langerlo Thermal Power Plant Belgium,Belgium,Please Select,50.9405,5.4906,556,Sub-critical Thermal,Base Load,"Genk, Limburg, Belgium",National Grid,Albertkaanal,,E. ON (acquired from Electrabel in 2009-07-31),,Private,,E.ON Energy Trading SE,,,http://www.eon-kraftwerke.com/pages/ekw_en/Media/Press_Releases/Latest_Press_Releases/Pressemitteilung.htm?id=1405495
Mol Coal Power Plant Belgium (Shutdown),Belgium,Decommissioned,51.2234,5.099,255,Sub-critical Thermal,Please Select,"4km North of Mol, Antwerp, Belgium",Please Select,,1963-00-00,Electrabel GDF Suez,,Private,,Electrabel,,,http://www.electrabel.be/whoarewe/activities/generationfacilities.aspx
Rodenhuize Thermal Power Plant Belgium,Belgium,Operating Partially,51.1337,3.7759,438,Sub-critical Thermal,Base Load,"Rodenhuize, Ghent, East Flanders, Belgium",National Grid,River Scheldt,,Electrabel GDF Suez,100,Private,,Electrabel,,,http://www.elia.be/upload/ProductionParkOverview.html
Ruien Thermal Power Plant Belgium,Belgium,Operating Fully,50.7836,3.4904,889,Sub-critical Thermal,Intermediate/Peak Load,"East Flanders, Belgium",National Grid,Scheldt River,1966-00-00,Electrabel GDF Suez,100,Private,,Electrabel,,,http://www.elia.be/upload/ProductionParkOverview.html
Gacko Coal CHP Power Plant Bosnia and Herzegovina,Bosnia and Herzegovina,Operating Fully,43.1724,18.5128,300,Super-critical Thermal,Base Load,"Gacko, Srpska, Bosnia and Herzegovina",National Grid,,1983-00-00,Elektroprivreda Republike Srpske,100,Government,"Tehnograd, Termoelektro",Elektroprivreda Republike Srpske,,,http://www.ers.ba/index.php?option=com_content&view=article&id=7%3Arite-gacko&Itemid=26&lang=ba
Kakanj CHP Power Plant Bosnia and Herzegovina,Bosnia and Herzegovina,Operating Fully,44.08988,18.11426,450,Sub-critical Thermal,Base Load,"Kakanj, Federation of Bosnia and Herzegovina, Bosnia and Herzegovina",National Grid,Bosna River,1956-00-00,JP Elektroprivreda BiH,,,,JP Elektroprivreda BiH,,,http://www.elektroprivreda.ba/eng/page/tpp-kakanj
Tuzla CHP Power Plant Bosnia and Herzegovina,Bosnia and Herzegovina,Operating Fully,44.5215,18.6056,730,Sub-critical Thermal,Base Load,"Tuzla, Federation of Bosnia and Herzegovina, Bosnia and Herzegovina",National Grid,,1963-00-00,JP Elektroprivreda BiH,,,,JP Elektroprivreda BiH,,,http://www.elektroprivreda.ba/eng/page/tpp-tuzla
Ugljevik CHP Coal Power Plant Bosnia and Herzegovina,Bosnia and Herzegovina,Operating Fully,44.6829,18.9671,300,Super-critical Thermal,Base Load,"Ugljevik, Srpska, Bosnia and Herzegovina",National Grid,Ugljevik River,1985-00-00,Elektroprivreda Republike Srpske,100,100,,Elektroprivreda Republike Srpske,,,http://www.ers.ba/index.php?option=com_content&view=article&id=47%3Ariteugljevik&Itemid=78&lang=ba
Moropule B Power Station Botswana,Botswana,Operating Partially,-22.5237,27.04945,600,Sub-critical Thermal,Base Load,"Palapye, Central, Botswana",National Grid,Remaining need met from ten production boreholes located in the Paje,2013-00-00,Government of Botswana,,Government Owned,China National Electric Equipment Corporation (CNEEC),Botswana Power Corporation (BPC),,World Bank,http://www.bpc.bw/Pages/generation_projects.aspx
Charqueadas Coal Power Plant Brazil,Brazil,Operating Fully,-29.9512,-51.623,72,Sub-critical Thermal,Intermediate/Peak Load,"Charqueadas, Rio Grande do Sul, Brazil",Please Select,,1962-01-05,,,,,Tractebel Energia SA,,,http://www2.tractebelenergia.com.br/asp/system/viewPage.asp?P=915&VID=default&SID=119418752140781&S=1&C=26507
Figueira Coal Power Plant Brazil,Brazil,Operating Fully,-23.8523,-50.3907,20,Sub-critical Thermal,Base Load,"Figueira, Rio do Peixe valley, Parana, Brazil",Please Select,,1963-00-00,Cia Paranaense de Energia (COPEL),,,,Cia Paranaense de Energia (COPEL),,,http://www.copel.com/hpcopel/root/nivel2.jsp?endereco=%2Fhpcopel%2Froot%2Fpagcopel2.nsf%2Fdocs%2F49AF98E12E67716B032574A20048B955
Jorge Lacerda Thermal Power Plant Brazil,Brazil,Operating Fully,-28.454,-48.969,857,Sub-critical Thermal,Base Load,"Santa Catarina, Brazi",National Grid,River Tubarao,1965-03-00,GDF Suez,,,,Tractebel Energia SA,,,http://www2.tractebelenergia.com.br/asp/system/viewPage.asp
Porto do Itaqui Coal Power Plant Brazil,Brazil,Operating Fully,-2.5876,-44.3385,360,Sub-critical Thermal,Base Load,"Porto do Itaqui, Maranhao, Brazil",National Grid,,2012-00-00,MPX Energia SA,,,,MPX Energia SA,,Inter-American Development Bank,http://www2.tractebelenergia.com.br/asp/system/viewPage.asp
Porto do Pecem Coal Power Plant Brazil,Brazil,Operating Fully,-3.5827,-38.875,1080,Sub-critical Thermal,Base Load,"Porto do Pecem, Ceara, Brazil",National Grid,,2011-00-00,MPX (50% of units 1 and 2 and 100% of Unit 3),,,,Energia Pecem,,Inter-American Development Bank,http://www.energiapecem.com.br/ver_secao.php?session_id=130
President Medici (Candiota) Coal Power Plant Brazil,Brazil,Operating Fully,-31.5514,-53.6828,796,Sub-critical Thermal,Base Load,"Candiota, Rio Grande do Sul, Brazil",National Grid,,1974-00-00,Companhia de Geracao Termica de Energia Eletrica (subsidiary of Electrobras),100,Government,Unit 5 (SEPCO China),Companhia de Geracao Termica de Energia Eletrica,,Chinese Development Bank (Unit 5),http://www.cgtee.gov.br/sitenovo/index.php?secao=37
St. Jerome (UTSJ) Thermal Power Plant Brazil,Brazil,Operating Partially,-29.96826,-51.73516,20,Sub-critical Thermal,Peaking Load and Backup,"St. Jerome, Rio Grande do Sul, Brazil",Regional Grid,,1953-00-00,Electrobras CGTEE,100,,Unit 5 (SEPCO China),Companhia de Geracao Termica de Energia Eletrica,,Chinese Development Bank (Unit 5),http://www.cgtee.gov.br/sitenovo/index.php?secao=37
Varna Coal Power Plant Bulgaria,Bulgaria,Operating Fully,43.196,27.7644,1260,Sub-critical Thermal,Base Load,"Ezerovo, Varna, Bulgaria",National Grid,Lake Varna,1968-00-00,CEZ Group Czech (acquired on 2 October 2006),100,Private,,CEZ Czech Republic,,,http://www.cez.bg/bg/za-nas/kompaniite-v-balgariya/tets-varna.html
Boundary Dam Coal Power Station Canada,Canada,Operating Fully,49.096,-103.031,813,Sub-critical Thermal,Please Select,"Estevan, Saskatchewan, Canada",Regional Grid,Boundary Dam Reservoir,1959-00-00,SaskPower International,,,,SaskPower International,,,http://www.saskpower.com/aboutus/corpinfo/power_generation_facilities/baseload_thermal_stations/boundary_dam.shtml
Brandon Coal Power Plant Canada,Canada,Operating Fully,49.8449,-99.8896,105,Sub-critical Thermal,Please Select,"East of Brandon on Assiniboine River. Manitoba, Canada",Regional Grid,Assiniboine River.  Closed Circuit Condensing system,1957-00-00,Manitoba Hydro,100,Government Provincial,,Manitoba Hydro,,,http://www.hydro.mb.ca/corporate/facilities/gs_brandon.shtml
Genesee Coal Generating Station Canada,Canada,Operating Fully,53.34366,-114.304,1310,Both Sub and Super Critical Thermal,Base Load,"Genesee, Alberta, Canada",Regional Grid,600 hectare pond fed by North Saskatchewan River,1989-10-00,"EPCOR (units 1, 2, and 50% of Unit 3)  Now Capital Power",,Government Ownership,"Hitachi Canada, SNC-Lavalin",EPCOR (Owned by City of Edmonton),,,"Department of Finance Canada. January 1, 2009. Equalization Program. http://www.fin.gc.ca/fedprov/eqp-eng.asp. Accessed Friday, February 6, 2009."
Grand Lake Coal Generating Station Canada (Shutdown),Canada,Decommissioned,46.0572,-66.0051,57,Sub-critical Thermal,Please Select,"New Castle Creek, New Brunswick, Canada",Please Select,Grand Lake,1963-00-00,NB Power,,Government Ownership,"Hitachi Canada, SNC-Lavalin",EPCOR (Owned by City of Edmonton),,,"Department of Finance Canada. January 1, 2009. Equalization Program. http://www.fin.gc.ca/fedprov/eqp-eng.asp. Accessed Friday, February 6, 2009."
H.R.Milner Coal Generating Station Canada,Canada,Operating Fully,54.0071,-119.104,150,Sub-critical Thermal,Please Select,"Near Grande Cache, Alberta, Canada",Regional Grid,,1972-00-00,Maxim Power Corp,100,,Alberta Power Ltd,Milner Power Inc,,,"Department of Finance Canada. January 1, 2009. Equalization Program. http://www.fin.gc.ca/fedprov/eqp-eng.asp. Accessed Friday, February 6, 2009."
Keephills Coal Power Plant Canada,Canada,Operating Fully,53.4483,-114.4507,1282,Both Sub and Super Critical Thermal,Base Load,"five kilometers south of Wabamun Lake, Edmonton, Alberta",Regional Grid,,1983-00-00,"TransAlta  (Units 1, 2 and 3 at 50%)",80,Private (PPA - Merchant),TransAlta,TransAlta,,,"Department of Finance Canada. January 1, 2009. Equalization Program. http://www.fin.gc.ca/fedprov/eqp-eng.asp. Accessed Friday, February 6, 2009."
Lakeview Coal Power Plant Canada (Shutdown),Canada,Decommissioned,43.572,-79.55,,Sub-critical Thermal,Please Select,"Lakeview, Mississauga, Ontario, Canada",Please Select,,1983-00-00,"TransAlta  (Units 1, 2 and 3 at 50%)",80,Private (PPA - Merchant),TransAlta,TransAlta,,,"Department of Finance Canada. January 1, 2009. Equalization Program. http://www.fin.gc.ca/fedprov/eqp-eng.asp. Accessed Friday, February 6, 2009."
Lambton Coal Generating Station Canada (Shutdown),Canada,Decommissioned,42.7965,-82.4694,0,Sub-critical Thermal,Please Select,"St. Claire, Ontario, Canada",Please Select,,1983-00-00,"TransAlta  (Units 1, 2 and 3 at 50%)",80,Private (PPA - Merchant),TransAlta,TransAlta,,,"Department of Finance Canada. January 1, 2009. Equalization Program. http://www.fin.gc.ca/fedprov/eqp-eng.asp. Accessed Friday, February 6, 2009."
"Lingan Coal Generating Station, Canada",Canada,Operating Fully,46.236,-60.04,600,Sub-critical Thermal,Please Select,"Lingan, Cape Breton Island, Nova Scotia, Canada",Regional Grid,Seawater,1979-11-01,Nova Scotia Power,100,Government Provincial,,Nova Scotia Power,,,http://www.nspower.ca/en/home/environment/reportsandmetrics/archived/default.aspx
Nanticoke Coal Generating Station Canada (Mothballed),Canada,Mothballed Full,42.7972,-80.05,0,Sub-critical Thermal,Please Select,"Nanticoke, Ontario, Canada",Regional Grid,,1972-00-00,Ontario Power Generation,100,Governmant of Ontario,,Ontario Power Generation,,,http://www.opg.com/power/fossil/nanticoke.asp
Point Aconi Coal Generating Station Canada,Canada,Operating Fully,46.3213,-60.3299,0,Sub-critical Thermal,Please Select,"Nanticoke, Ontario, Canada",Regional Grid,,1972-00-00,Ontario Power Generation,100,Governmant of Ontario,,Ontario Power Generation,,,http://www.opg.com/power/fossil/nanticoke.asp
Point Tupper Coal Generating Station Canada,Canada,Operating Fully,45.5867,-61.3477,150,Sub-critical Thermal,Please Select,"Point Tupper, Nova Scotia, Canada",Please Select,,1969-00-00,Nova Scotia Power Inc.,,,,Ontario Power Generation,,,http://www.opg.com/power/fossil/nanticoke.asp
"Poplar River Coal Power Station, Canada",Canada,Operating Fully,49.058,-105.485,582,Sub-critical Thermal,Please Select,"Near Coronach, Saskatchewan, Canada",Regional Grid,Morrison Dam Reservoir on the east fork of the Poplar River,1981-06-20,SaskPower International,100,,,Ontario Power Generation,,,http://www.opg.com/power/fossil/nanticoke.asp
Shand Coal Power Station Canada,Canada,Operating Fully,49.088,-102.864,279,Sub-critical Thermal,Please Select,"Estevan, Saskatchewan, Canada",Regional Grid,,1992-00-00,SaskPower International,100,,,SaskPower International,,,http://www.opg.com/power/fossil/nanticoke.asp
Sheerness Coal Generating Station Canada,Canada,Operating Fully,51.4423,-111.7927,760,Sub-critical Thermal,Please Select,"Near Hanna, Alberta, Canada",Regional Grid,,1992-00-00,SaskPower International,100,,,SaskPower International,,,http://www.opg.com/power/fossil/nanticoke.asp
Sundance Coal Generating Station Canada,Canada,Operating Fully,53.5072,-114.5567,2126,Sub-critical Thermal,Please Select,"Wabamun Lake, 70 kilometres west of Edmonton, Alberta, Canada",Please Select,Lake Wabamun,1970-00-00,TransAlta,100,PPA-Merchant,TransAlta,TransAlta,,,http://www.transalta.com/facilities/plants-operation/sundance
Thunder Bay Generating Station Canada (Shutdown) ,Canada,Operating Fully,48.3593,-89.2216,0,Sub-critical Thermal,Please Select,"Thunder Bay, Ontario, Canada",Regional Grid,Lake Superior,1970-00-00,TransAlta,100,PPA-Merchant,TransAlta,TransAlta,,,http://www.transalta.com/facilities/plants-operation/sundance
Trenton Coal Generating Station Canada,Canada,Operating Fully,45.6202,-62.6498,310,Sub-critical Thermal,Please Select,"Trenton, Nova Scotia, Canada",Please Select,East River of Pictou,1969-00-00,Nova Scotia Power,,Government Provincial,,Nova Scotia Power,,,http://en.wikipedia.org/wiki/Trenton_Generating_Station
Wabamun Coal Power Plant Canada (Shutdown),Canada,Decommissioned,53.5583,-62.6498,310,Sub-critical Thermal,Please Select,"Trenton, Nova Scotia, Canada",Please Select,East River of Pictou,1969-00-00,Nova Scotia Power,,Government Provincial,,Nova Scotia Power,,,http://en.wikipedia.org/wiki/Trenton_Generating_Station
Andina Coal Power Plant Chile,Chile,Operating Fully,-23.0866,-70.4053,165,Sub-critical Thermal,Base Load,"Mejillones, II Region de Antofagasta, Chile",Regional Grid,Seawater,2010-00-00,Suez Energy Andino,52.4,,Cobra,E-CL,,,http://www.e-cl.cl/prontus_ecl/site/artic/20100427/asocfile/20100427012041/100927_1917_lve_company_presentacion__sept_2010__v2_1.pdf
Angamos Coal Power Plant Chile,Chile,Operating Fully,-23.0325,-70.3473,545,Sub-critical Thermal,Base Load,"Mejillones, II Region de Antofagasta, Chile",Regional Grid,Seawater,2011-04-00,AES Gener S.A.,71,IPP,"POSCO Engineering & Construction Co., Ltd.",AES Gener S.A.,,,http://www.aesgener.cl/Paginas/Centrales-AES.aspx
Bocamina Coal Power Plant Chile,Chile,Operating Fully,-37.0218,-73.1663,497,Sub-critical Thermal,Base Load,"Coronel, VIII Region del Bio - Bio, Chile",Regional Grid,,1970-00-00,Endesa Chile,100,Private,"Ansaldo (unit 1), Tecnimont (Unit 2)",Endesa Chile,,,http://www.endesa.cl/en/conocenos/nuestroNegocio/centrales/Pages/centralbocamina.aspx
Guacolda Coal Power Plant Chile,Chile,Operating Fully,-28.4647,-71.256,608,Sub-critical Thermal,Base Load,"Isla Guacolda, Huasco, III Region de Atacama, Chile",Regional Grid,,1995-07-00,E.E. Guacolda,100,,,E.E. Guacolda,,,http://www.centralenergia.cl/en/power-plants-chile/operational-map-chile/
Hornitos Coal Power Plant Chile,Chile,Operating Fully,-23.0867,-70.406,165,Sub-critical Thermal,Please Select,"Mejillones, II Region de Antofagasta, Chile",Regional Grid,Seawater,2011-00-00,E-CL,60,,Cobra,E-CL,,,http://www.e-cl.cl/prontus_ecl/site/artic/20100427/asocfile/20100427012041/100927_1917_lve_company_presentacion__sept_2010__v2_1.pdf
Laguna Verde CoalPower Plant Chile,Chile,Operating Fully,-33.1031,-71.677,54.7,Sub-critical Thermal,Peaking Load,"Laguna Verde, Near Valparaiso, V Region de Valparaiso, Chile",Regional Grid,,1939-00-00,AES Gener,100,,,Energia Verde S.A.,,,http://www.aesgener.cl/AESGenerWebNeo/lagunaverde.html
Mejillones Coal Power Plant Chile,Chile,Operating Fully,-23.0892,-70.4117,320,Sub-critical Thermal,Base Load,"Mejillones, II Region de Antofagasta, Chile",Regional Grid,,1996-00-00,,,,"Initec, Ansaldo",Edelnor,,,
Norgener Coal Power Plant Chile,Chile,Operating Fully,-22.095688402454,-70.210469216919,277,Sub-critical Thermal,Base Load,"Tocopilla, II Region de Antofagasta, Chile",Regional Grid,,1995-00-00,AES Gener,,,,AES Gener,,,http://www.aesgener.cl/AESGenerWebNeo/centralnorgener.html
Santa Maria Coal Power Plant Chile,Chile,Operating Fully,-37.0421,-73.1308,342,Sub-critical Thermal,Base Load,"Coronel, Region del Bío-Bío, Chile",Regional Grid,,2012-08-15,Colbun S.A.,,,"Tecnimont, Santos CMI",Colbun S.A.,,,http://www.colbun.cl/en/centrales-y-proyectos/centrales/santa-maria/
Tarapaca Power Plant Chile,Chile,Operating Fully,-20.8076,-70.1985,182,Sub-critical Thermal,Please Select,"65 km South of Iquique, I Region de Tarapaca, Chile",Regional Grid,Seawater,1998-00-00,Empresa Nacional de Electricidad S.A. (Endesa Chile),100,,,Endesa Chile (Norgener),,,http://www.endesa.cl/en/conocenos/nuestroNegocio/centrales/Pages/centraltarapaca.aspx
Tocopilla Thermal Power Plant Chile,Chile,Operating Fully,-22.0971,-70.2121,514.6,Sub-critical Thermal,Base/Intermediate Load,"Tocopilla, II Region de Antofagasta, Chile",Regional Grid,Seawater,1970-00-00,GDF Suez,52.77,,Electroandina,E-CL S.A. (Electroandina),,,http://www.e-cl.cl/prontus_ecl/site/artic/20100421/pags/20100421124025.php
Ventana Coal Power Plant Chile,Chile,Operating Fully,-32.7512,-71.4825,875,Sub-critical Thermal,Base Load,"Ventanas, Quintero, V Region de Valparaiso, Chile",Regional Grid,,1964-00-00,AES Gener SA,,,,E.E. Ventanas (AES Gener SA),,,http://www.aesgener.cl/AESGenerWebNeo/Controls/Neochannels/Neo_CH6175/deploy/Presentacion_Desayuno_Santander_final.pdf
Anhui Bengbu Power Plant China,China,Operating Fully,32.78444,117.11472,1200,Super-critical Thermal,Base Load,"Anhui, China",Regional Grid,Huaihe River,2008-12-30,China Guodian Corporation,55,,"SEPCO, Anhui Electrical Power Construction No 1 Co",China Guodian Corp,,,http://www.industcards.com/st-coal-china-anhui.htm
Anhui Chizhou Coal Power Plant China,China,Operating Fully,30.75267,117.59079,600,Sub-critical Thermal,Base Load,"Chizhou, Anhui, China",Regional Grid,Yangtze River,2005-09-11,China Huadian Corp,40,,"China Power Complete Equipment Co, Anhui Electrical Power Construction No 1 Co",Anhui Chizhou Jiuhua Power Generation Co,,,http://en.wikipedia.org/wiki/List_of_major_power_stations_in_Anhui
Anhui Fuyang Huaren Coal Power Plant China,China,Operating Fully,33.00444,115.845278,1200,Super-critical Thermal,Base Load,"Fuyang, Anhui, China",Regional Grid,Adjacent Canal,2006-03-00,China Resources Power,55,,Anhui Electrical Power Construction No 1 Co,Fuyang China Resources Power Co Ltd,,,http://en.wikipedia.org/wiki/List_of_major_power_stations_in_Anhui
Anhui Guodian Tonglin Power Plant China,China,Operating Fully,31.0705,117.9632,3200,Super and Ultra-Super Critical Thermal,Base Load,"Yongfengxiang, Anhui, China",Regional Grid,Yangtze River,2008-07-00,China Guodian Corporation,,,Anhui Electrical Power Construction No 1 Co,Guodian Tongling Power Generation Co Ltd,,,http://en.wikipedia.org/wiki/List_of_major_power_stations_in_Anhui
Anhui Hefei Coal Power Plant China,China,Operating Fully,31.9159,117.248,1200,Super-critical Thermal,Base Load,"Hefei, Anhui, China",Regional Grid,Adjacent reservoir,2009-01-00,,,,"Anhui Electric Power Design Inst, Anhui Electrical Power Construction No 1 Co",Anhui Hefei United Power Generation Co. Ltd,,,http://www.hewiki.com/view/216414.htm
Anhui Hefei-2 Coal Power Plant China,China,Operating Fully,31.8047,117.5075,700,Sub-critical Thermal,Please Select,"Hefei, Anhui, China",Regional Grid,,2001-06-00,,,,"Anhui Electric Power Design Inst, Anhui Electrical Power Construction No 1 Co",Anhui Hefei United Power Generation Ltd,,,http://apps.ah.gov.cn/showcontent.asp?newsid=313
Anhui Huadian Suzhou Coal Power Plant China,China,Operating Fully,33.653889,116.979167,1260,Super-critical Thermal,Base Load,"Suzhou, Anhui, China",Regional Grid,Adjacent Canal,2007-09-00,Huadian Power International Corporation Limited (CHD Group),97,,Anhui Electrical Power Construction No 1 Co,Anhui Huadian Suzhou Power Generation Co Ltd,,,http://www.hdpi.com.cn/est/TZ/GSGK/about.aspx
Anhui Huadian Wuhu Coal Power Plant China,China,Operating Fully,31.237,118.1493,1320,Super-critical Thermal,Base Load,"Sanshan, Anhui, China",Regional Grid,Yangtze River,2008-00-00,China Huadian Corporation,65,,Anhui Electrical Power Construction No 1 Co,Anhui Huadian Wuhu Power Generation Company Limited,,,http://www.hdpi.com.cn/est/TZ/GSGK/about.aspx
Anhui Huainan Tianji Coal Power Plant China,China,Operating Fully,32.7465,116.8127,1200,Super-critical Thermal,Base Load,"Tianji, Huainan, Anhui, China",Regional Grid,Huai River,2007-08-03,Huainan Mining Group Co Ltd,50,,Anhui Electrical Power Construction No 1 Co,China Power Investment Corp,,,http://www.chinabidding.com/news.jhtml?method=detail&docId=505120&channelId=277
Anhui Pingwei Coal Power Plant China,China,Operating Fully,32.68417,116.901389,2510,Super-critical Thermal,Base Load,"Anhui, China",Regional Grid,,1989-11-00,China Power International Development Limited,100,,"Ebasco, China Machine Building International",Anhui Huainan Pingwei Electric Power Generating Company Limited,,,http://en.wikipedia.org/wiki/List_of_major_power_stations_in_Anhui
Anqing Coal Power Plant China,China,Operating Fully,30.541,117.1717,600,Sub-critical Thermal,Base Load,"Anqing, Anhui, China",Regional Grid,Yangtze River,2005-00-00,,,,Anhui Electrical Power Construction No 1 Co,Anhui Electric Power Corp,,Export-Import Bank of Japan,http://en.wikipedia.org/wiki/List_of_major_power_stations_in_Anhui
CHD Shandong Zouxian Coal Power Plant China,China,Operating Fully,35.3255,116.9291,4540,Both Sub and Super Critical Thermal,Base Load,"Zoucheng, Shandong, China",Regional Grid,,1985-12-12,China Huadian Corporation,,,,Huadian Power International Corporation Limited,,,http://www.szpp.com.cn/   and   http://www.szpp.com.cn/files/management.htm
CLP Guangxi Fangchenggang Power Station China,China,Operating Fully,21.5914,108.3946,1260,Super-critical Thermal,Base Load,"Fangchenggang, Guangxi, China",Regional Grid,Seawater,2007-00-00,CLP,70,,,CLP Guangxi Fangchenggang Power Company Limited,,,https://www.clpgroup.com/ouroperations/assetsandservices/powergeneraton/coalfiredpowerplants/Pages/guangxifangchenggang.aspx
Changshu Coal Power Plant China,China,Operating Fully,31.75627,120.9731,1260,Sub-critical Thermal,Base Load,"NE of Changshu, Jiangsu, China",Regional Grid,Yangtze River,1993-07-00,China Power International Development Limited,50,,,Jiangsu Changshu Electric Power Generating Company Limited,,,http://www.chinapower.hk/eng/business/operation.htm  (Also See Annual Reports)
Chentangzhuang Coal Power Station China,China,Operating Fully,39.0514,117.238,835,Super-critical Thermal,Base Load,,Regional Grid,,,,,,,,,,http://en.wikipedia.org/wiki/List_of_major_power_stations_in_Tianjin
Dabieshan Coal Power Plant China,China,Operating Fully,31.14148,114.89224,1280,Super-critical Thermal,Base Load,"Macheng, Hubei, China",Regional Grid,,2008-05-00,China Power International Development Limited,93,,,Huanggang Dabieshan Power Generation and Generating Company Limited,,,http://www.chinapower.hk/eng/business/operation.htm  (Also See Annual Reports)
Datang Honghe Coal Power Plant China,China,Operating Fully,23.7433,103.2208,600,Sub-critical Thermal,Base Load,Kaiyuan City,Regional Grid,,2006-00-00,Datang International Power Generation Co Ltd,70,,Northeast China International Electric Power Corp,Datang International Power Generation Co Ltd,,,http://www.industcards.com/st-coal-china-yunnan.htm
Datang Huainan Luohe Power Plant China,China,Operating Fully,32.6837,117.0746,2400,Both Sub and Super Critical Thermal,Base Load,"Huainan, Anhui, China",Regional Grid,,,,,,,China Datang,,,
Datang Tianjin Panshan Coal Power Plant China,China,Operating Fully,39.9797,117.4614,2200,Both Sub and Super Critical Thermal,Base Load,"Tianjin Ji County, Tianjin, China",Please Select,,1996-00-00,CLP Guohua Power Co Ltd (Units 1 and 2),45.5,,,CSEC Guohua International Power Company Limited,,,http://www.industcards.com/st-coal-china-liaoning-tianjin.htm
Datang Tuoketuo Coal Power Station China,China,Operating Fully,40.19513,111.35553,6600,Super-critical Thermal,Base Load,"Togtoh County, Hohhot, Inner Mongolia, China",National Grid,Shui Po Beach water intake on Yellow River 12KM away,2003-06-00,Datang International Power Generation Company Ltd,60,Government SOE,,Tuoketuo Power Company,,,http://baike.baidu.com/view/1817585.html
Fengtai Coal Power Plant China,China,Operating Fully,32.758,116.65,1200,Super-critical Thermal,Base Load,,Regional Grid,,2008-00-00,"Zhejiang Provincial Energy Group Co., Ltd",50,,"East China Electric Power Design Institute, Anhui Electrical Power Construction No 2 Co, Zhejiang Electric Power Construction",Huainan Huaizhe Coal and Electricity Integration Project,,,http://www.zepcc.com/ENEWS14.html
Guadian Heze Coal Power Plant China,China,Please Select,35.2403,115.5347,1510,Sub-critical Thermal,Base Load,"Heze, Shandong, China",Regional Grid,,1990-00-00,China Guodian Corporation,,,"China Power Complete Equipment Co, SEPCO II",China Guodian Corporation,,,https://www.clpgroup.com/ouroperations/assetsandservices/powergeneraton/coalfiredpowerplants/Pages/hezepowerstation.aspx
Guodian Baoji-2 Coal Power Plant China,China,Operating Fully,34.4964,107.219722,1200,Sub-critical Thermal,Base Load,"Shaanxi, China",Please Select,Adjacent River,1998-12-00,China Guodian Corporation,,,,China Guodian Corp,,,http://www.cgdc.com.cn/en_no_use/en_index.html
Guodian Beilun Coal Power Plant China,China,Operating Fully,29.9436,121.8158,5000,Both Sub and Super Critical Thermal,Base Load,"Beilun, Ningbo, Zhejiang, China",Regional Grid,Seawater,1993-00-00,China Guodian Corporation,,Government SOE,"Zhejiang Provincial Electrical Power Construction Engineering Company, Chinese Electrical Power Project Construction Consulting Company",Guodian Zhejiang Beilun Power Generation Company Ltd,,World Bank loan,http://en.wikipedia.org/wiki/Guodian_Beilun_Power_Station  and  http://cdm.unfccc.int/filestorage/TAQW906JVZIPFSKON2UMYHR7GB1843
Guohua Dingzhou Coal Power Plant China,China,Operating Fully,38.513,114.8446,2520,Both Sub and Super Critical Thermal,Base Load,"Kaiyuan, Dingzhou, Hebei, China",Regional Grid,Air-cooled,2004-04-00,China Shenhua Energy,40.5,,China Shenhua Energy Co. Ltd. and Hebei Construction Investment Company joint venture construction,Shenhua Guohua Electric Power Corp,,,http://www.hidz.cn/news/dznews/2007-8-16/DingZhouDianChangErQiGongChengJuHangKaiGongDianLi.html
Guohua Taishan Coal Power Plant China,China,Operating Fully,21.8667,112.9228,5000,Both Sub and Super Critical Thermal,Base Load,"Tongguwan, Taishan City, Guangdong Province, China",Regional Grid,Seawater,2003-00-00,Shenhua Guohua Power,,Government SOE,Guangdong Electric Power Design Institute,Guangdong Guohua Yuedian Taishan Power Company Ltd,,,http://www.industcards.com/st-coal-china-guangdong.htm
Huadian Kunming-II Coal Power Plant China,China,Operating Fully,25.0151,102.3331,600,Sub-critical Thermal,Base Load,"Qinglongsi, Kunming, Yunnan, China",Regional Grid,,2005-12-00,China Huadian Group,,,,Huadian Yunnan Generating Co Ltd,,,http://www.industcards.com/st-coal-china-yunnan.htm
Huaibei-2 Coal Power Plant China,China,Operating Fully,33.86806,116.8589,640,Sub-critical Thermal,Base Load,"Anhui, China",Regional Grid,,2004-00-00,Anhui Electric Power,40,,,Huaibei Guoan Power Co Ltd,,,http://en.wikipedia.org/wiki/List_of_major_power_stations_in_Anhui
Huaneng Beijing (Gaobeidian) Cogen Power Plant China,China,Operating Fully,39.886111,116.532,845,Sub-critical Thermal,Base Load,"Beijing, China",Regional Grid,,1998-01-00,Huaneng Power International Inc (Units 1 and 2),41,,,Huaneng Beijing Co-generation Limited Liability Company,,,http://www.hpi.com.cn/sites/english/Pages/default.aspx  (see annual reports)
Huaneng Changxing Coal Power Plant China,China,Operating Fully,30.99194,119.929722,260,Sub-critical Thermal,Base Load,"Changxing, Zhejiang, China",Regional Grid,Adjacent Canal,1992-01-00,Huaneng Power International Inc,100,,,Huaneng Changxing Power Generating Company,,,http://www.hpi.com.cn/sites/english/Pages/default.aspx  (see annual reports)
Huaneng Chaohu Coal Power Plant China,China,Operating Fully,31.652,117.8229,1200,Super-critical Thermal,Base Load,"Chaohu, Jucao District, Anhui, China",Regional Grid,Lake Chao,2008-00-00,,,,"Anhui Electrical Power Construction No 2 Co, China Construction Second Engineering Bureau",Huaneng Power International Inc,,,http://www.hpi.com.cn/sites/english/pages/default.aspx
Huaneng Dalian Coal Power Plant China,China,Operating Fully,39.01472,121.724444,1400,Sub-critical Thermal,Base Load,"Bohai Bay, Dalian, Liaoning, China",Regional Grid,Seawater,1988-09-00,Huaneng Power International Inc,100,,,Huaneng Dalian Power Generation Company,,,http://www.hpi.com.cn/sites/english/Pages/default.aspx  (see annual reports)
Huaneng Dandong Coal Power Plant China,China,Operating Fully,39.83833,124.14583,700,Sub-critical Thermal,Base Load,"Donggang, Liaoning, China",Regional Grid,Seawater,1999-01-00,Huaneng Power International Inc,100,,,Huaneng Dandong Power Generation Co. Ltd.,,,http://www.hpi.com.cn/sites/english/Pages/default.aspx  (see annual reports)
Huaneng Dezhou Coal Power Plant China,China,Operating Fully,37.4519,116.243,2520,Sub-critical Thermal,Base Load,"Dezhou City, Shangdong, China",Regional Grid,,1992-00-00,Huaneng Power International Inc,,Government SOE,"Shandong Power Engineering Construction Company,",Shandong Huaneng Power Development Company Ltd,,"The Export-Import Bank USA,",http://www.hpi.com.cn/sites/english/Pages/default.aspx  (See annual reports)
Huaneng Fuzhou Coal Power Plant China,China,Operating Fully,25.99083,119.4816,2600,Both Sub and Super Critical Thermal,Base Load,"SE of Fuzhou, Fujian, China",Regional Grid,Min River,1988-09-00,Huaneng Power International Inc,100,,"STI - Studio Tecnico di Ingegneria, Fujian Provincial No 1 Power Construction Co",Huaneng Fuzhou Power Generation Co. Ltd.,,,http://www.hpi.com.cn/sites/english/Pages/default.aspx  (see annual reports)
Huaneng Haimen Coal Power Plant China,China,Operating Fully,23.1899,116.6548,2072,Ultra-Super-Critical Thermal,Base Load,"Haimen, Guangdong, China",Regional Grid,Seawater,2009-07-00,Huaneng Power International Inc,100,,,"Huaneng Haimen Power Generation Co., Ltd",,,http://www.hpi.com.cn/sites/english/Pages/default.aspx  (see annual reports)
Huaneng Huaiyin Coal Power Plant China,China,Operating Fully,33.59528,118.9622,1320,Sub-critical Thermal,Base Load,"Huaiyin, Jiangsu, China",Regional Grid,Huai River,1993-11-00,Huaneng Power International Inc,63.64,,China Power Complete Equipment Co Ltd,Jiangsu Huaneng Huaiyin Power Generation Company Limited,,,http://www.hpi.com.cn/sites/english/Pages/default.aspx  (see annual reports)
Huaneng Jianggangshan Coal Power Plant China,China,Operating Fully,27.04666,115.01944,1920,Both Sub and Super Critical Thermal,Base Load,"Jian, Jiangxi, China",Regional Grid,Ganjiang River,2000-12-00,Huaneng Power International Inc,100,,,Huaneng Jinggangshan Power Generating Company Limited,,,http://www.hpi.com.cn/sites/english/Pages/default.aspx  (see annual reports)
Huaneng Jinling Coal Power Plant China,China,Operating Fully,32.17136,119.01888,2060,Ultra-Super-Critical Thermal,Base Load,"Jinling, Nanjing, Jiangsu, China",Regional Grid,Yangtze River,2009-12-23,Huaneng Power International Inc,60,,,"Huaneng Nanjing Jinling Power Co., Ltd.",,,http://www.hpi.com.cn/sites/english/Pages/default.aspx  (see annual reports)
Huaneng Luohuang Coal Power Plant China,China,Operating Fully,29.34722,106.434167,2640,Both Sub and Super Critical Thermal,Base Load,"Luohuangzhen, Chongquin, China",Please Select,Jialing River,1991-09-00,Huaneng Power International Inc,60,,,Huaneng Chongqing Luohuang Power Generation Limited Liability Company,,,http://www.hpi.com.cn/sites/english/Pages/default.aspx  (see annual reports
Huaneng Pingliang Coal Power Plant China,China,Operating Fully,35.5017,106.7861,2475,Both Sub and Super Critical Thermal,Base Load,"Pingliang, Gansu, China",Regional Grid,Adjacent River,2000-09-06,Huaneng Power International Inc,65,,Northwest Electric Power Design Institute,Huaneng Pingliang Power Generation Co. Ltd.,,,http://www.hpi.com.cn/sites/english/Pages/default.aspx  (see annual reports)
Huaneng Qinbei Coal Power Plant China,China,Operating Fully,35.16972,112.71556,4400,Super and Ultra-Super Critical Thermal,Base Load,"Qinbei, Jiyuan, Henan, China",Regional Grid,,2004-00-00,Huaneng Power International Inc,60,,Henan Construction Group II,Henan Huaneng Qinbei Power Limited Company,,,http://www.hpi.com.cn/sites/english/Pages/default.aspx  (see annual reports)
Huaneng Rizhao Coal Power Plant China,China,Operating Fully,35.3449,119.5117,2060,Both Sub and Super Critical Thermal,Base Load,"Rizhao, Shandong, China",Regional Grid,Seawater,2000-04-00,Huaneng Power International Inc (Units 1 and 2),44,,"Studio Tecnico di Ingegneria, Shandong Electric Power Engineering Consulting Institute SEPCO III",Shandong Rizhao Power Company Ltd.,,,http://www.hpi.com.cn/sites/english/Pages/default.aspx  (see annual reports)
Huaneng Shandong Weihai Power Plant China,China,Operating Fully,37.4477,122.2051,2000,Both Sub and Super Critical Thermal,Base Load,"Bohai Gulf, Weihei, Shandong, China",Regional Grid,Seawater,1998-03-00,Huaneng Power International Inc,60,,"Shandong Electric Power Engineering Consulting, China Power Complete Equipment Co Ltd, SEPCO No 1",Huaneng Shandong Power Co Ltd,,,http://www.reuters.com/finance/stocks/companyProfile?symbol=HNP
Huaneng Shang'an Coal Power Plant China,China,Please Select,38.05722,114.19583,2620,Both Sub and Super Critical Thermal,Base Load,"Hebei, China",Regional Grid,,1990-08-00,Huaneng Power International Inc,100,,,"Huaneng Shangan Power Generation Co., Ltd",,,http://www.hpi.com.cn/sites/english/Pages/default.aspx  (See annual reports)
Huaneng Shanghai Shidongkou I Coal Power Plant China,China,Operating Fully,31.463,121.4074,1300,Sub-critical Thermal,Base Load,"Shanghai, China",Regional Grid,Yangtze River,1988-02-00,Huaneng Power International Inc,100,Government SOE,Shanghai Power Erection Co No 2,Huaneng Shidongkou Power Generation Company,,,http://www.hpi.com.cn/sites/english/Pages/default.aspx  (See annual reports)
Huaneng Shanghai Shidongkou II Coal Power Plant China,China,Operating Fully,31.4658,121.4021,2400,Super-critical Thermal,Base Load,"Shanghai, China",Regional Grid,Yangtze River,1992-01-00,Huaneng Power International Inc,100,Government SOE,"S&L, Shanghai Electric Power Construction Co Ltd",Huaneng Shidongkou Power Generation Company,,,http://www.hpi.com.cn/sites/english/Pages/default.aspx  (See annual reports)
Huaneng Shantou Coal Power Plant China,China,Operating Fully,23.32556,116.736111,1200,Both Sub and Super Critical Thermal,Base Load,"Shantou, Guangdong, China",Regional Grid,Seawater,1997-01-01,Huaneng Power International Inc,100,,"Guangdong Electric Power Design Institute, Northwest Electric Power Design Institute",Huaneng Shantou Power Plant Power International Corporation Limited,,,http://www.hpi.com.cn/sites/english/Pages/default.aspx  (see annual reports)
Huaneng Taicang Coal Power Plant China,China,Operating Fully,31.6568,121.1798,1900,Both Sub and Super Critical Thermal,Base Load,"Taicang, Jiangsu Province, China",Regional Grid,Yangtze River,1999-12-00,Huaneng Power International Inc,75,,,Huaneng Taicang Power Generation Co. Ltd.,,,http://www.hpi.com.cn/sites/english/Pages/default.aspx  (see annual reports)
Huaneng Xindian Coal Power Plant China,China,Operating Fully,36.7825,118.23583,600,Sub-critical Thermal,Base Load,"Linzi District, Zibo City, Qilu Chemical Industry Park, Shandong, China",Regional Grid,,,Huaneng Power International Inc,95,,,Huaneng Xindian Power Generation Co. Ltd.,,,http://www.hpi.com.cn/sites/english/Pages/default.aspx  (see annual reports)
Huaneng Yangluo Coal Power Plant China,China,Operating Fully,30.6939,114.5431,2400,Sub-critical Thermal,Base Load,"Hubei, China",Regional Grid,,,Huaneng Power International Inc,,Government SOE,,Huaneng Yangluo Power Generation LLC,,,http://en.wikipedia.org/wiki/List_of_power_stations_in_China
Huaneng Yingkou Coal Power Plant China,China,Operating Fully,40.3047,122.1047,1840,Super-critical Thermal,Base Load,"Bayuquan, Yingkou, Liaoning, China",Regional Grid,Seawater,1996-01-00,Huaneng Power International Inc,100,Government SOE,Northeast Electric Power Design Institute,Huaneng Yingkou Power Generation LLC,,,http://www.hpi.com.cn/sites/english/Pages/default.aspx  (See annual reports)
Huaneng Yingkou Cogen Power Plant China,China,Operating Fully,40.30365,122.10239,660,Sub-critical Thermal,Base Load,"Bayuquan, Yingkou, Liaoning, China",Regional Grid,Seawater,2009-12-00,Huaneng Power International Inc,100,,,Huaneng Yingkou Power Generation LLC,,,http://www.hpi.com.cn/sites/english/Pages/default.aspx  (see annual reports)
Huaneng Yueyang Coal Power Plant China,China,Operating Fully,29.4464,113.1586,2525,Both Sub and Super Critical Thermal,Base Load,"Yueyang City, Hunan Province",Regional Grid,Yangtze River and Dongting Lake,1991-09-00,Huaneng Power International Inc,55,Government SOE,,Huaneng Hunan Power Generation Company,,,http://www.hpi.com.cn/sites/english/Pages/default.aspx  (See annual reports)   http://www.hpi.com.cn/Pages/Subsidiarydetail.aspx?SubID=c0fa8c96-776a-45f0-a46c-39eeaf22a20d
Huaneng Yuhuan Coal Power Plant China,China,Operating Fully,28.1158,121.1378,4200,Ultra-Super-Critical Thermal,Base Load,"Chenyuzhen, Zhejiang, China",National Grid,Seawater,2006-11-00,Huaneng Power International Inc,100,Government SOE,"East China Electrical Power Design Institute, Zhejiang Power Design Institute, Tianjin Electric Power Construction",Huaneng Power International Inc,,,http://www.hpi.com.cn/sites/english/Pages/default.aspx  (See annual reports)
Huaneng Yushe Coal Power Plant China,China,Operating Fully,36.97833,112.95417,800,Sub-critical Thermal,Base Load,"Yushe, Shanxi, China",Regional Grid,,1994-08-00,Huaneng Power International Inc,60,,,Huaneng Yushe Power Generation Co. Ltd.,,,http://www.hpi.com.cn/sites/english/Pages/default.aspx  (see annual reports)
Huanghua (Cangdong) Coal Power Plant China,China,Operating Fully,38.3102,117.8779,2520,Both Sub and Super Critical Thermal,Base Load,"Cangzhou, Huanghua, Hebei, China",Regional Grid,Seawater,2006-06-28,China Shenhua Energy,51,,,CSEC Guohua International Power Company Limited,,,http://www.csec.com/htmlen/investor/page_3_7_1.html   (Annual Reports)
Hueneng Diandong Coal Power Plant China,China,Operating Fully,25.1997,104.6825,2400,Super-critical Thermal,Base Load,"Diandong, Yunnan, China",Regional Grid,,2006-02-00,Huaneng Power International Inc (Acquired in Dec 2009),100,,"Shandong Electric Power Design Institute, SEPCO 2, Yunnan Thermal Power Construction Co",Huaneng Power International Inc,,,http://www.hpi.com.cn/sites/english/reportYH/publish.aspx  (annual reports)
Hueneng Yuwang Coal Power Plant China,China,Operating Fully,25.1016,104.617,1200,Super-critical Thermal,Base Load,"Yunnan, China",Regional Grid,,2009-07-00,Huaneng Power International Inc,100,,,Huaneng Power International Inc,,,http://www.hpi.com.cn/sites/english/Pages/default.aspx  (see annual reports in english under H share and 20F reports)
Jiangsu Changshu Coal Power Plant China,China,Operating Fully,31.756086,120.97861,1950,Super-critical Thermal,Base Load,"NE of Changshu, Jiangsu, China",Regional Grid,,2005-03-00,China Resources Power Holdings Co Ltd,100,,,China Resources Power Holdings Co Ltd,,,http://www.industcards.com/st-coal-china-jiangsu.htm
Jinjie Coal Power Plant China,China,Operating Fully,38.7363,110.1668,2400,Sub-critical Thermal,Base Load,"West of Shenmu, Saanxi, China",Regional Grid,,2006-09-30,China Shenhua Energy,70,,,Shaanxi Guohua Jinjie Energy Co. Ltd,,China Development Bank provided Rmb2776 million,http://www.csec.com/htmlen/investor/page_3_7_1.html   (Annual Reports)
Junliangcheng Coal Power Plant China,China,Operating Fully,39.0536,117.4114,1500,Sub-critical Thermal,Base Load,"Xiaodongzhuang, Tianjin, China",Regional Grid,,,,,,,,,,http://en.wikipedia.org/wiki/List_of_major_power_stations_in_Tianjin
Laicheng Coal Power Plant China,China,Operating Fully,36.2554,117.6726,1200,Sub-critical Thermal,Base Load,"Laicheng, Shandong, China",Regional Grid,,2000-09-27,China Huadian Corporation,47.21,,"Shandong Electric Power Engineering Consulting Institute, SEPCO III",Huadian Power International Corporation Limited,,,http://eng.chd.com.cn/html/unit/sdlc/index.htm
Maanshan Datang Coal Power Plant China,China,Operating Fully,31.53472,118.41391,1320,Super-critical Thermal,Base Load,"Huashan District, Maanshan Prefecture, Anhui Province, China",Regional Grid,Yangtze River,2012-00-00,China Datang Corporation,,,,Datang International Power Generation Co Ltd,,,http://www.industryabout.com/country-territories-3/1705-china/fossil-fuels-energy/32974-maanshan-datang-coal-power-plant
Maanshan Masteel Coal Power Plant China,China,Operating Fully,31.73279,118.48921,525,Sub-critical Thermal,Cogeneration,"Maanshan City, Maanshan Prefecture, Anhui Province, China",Captive and Grid Connected,Yangtze River,,Magang (Group) Holding Company Ltd,,,,Maanshan Iron & Steel Company Limited (MASTEEL),,,http://www.industryabout.com/country-territories-3/1705-china/fossil-fuels-energy/32975-maanshan-masteel-coal-power-plant
Maanshan Wenergy Coal Power Plant,China,Operating Fully,31.75045,118.47972,1320,Sub-critical Thermal,Base Load,"Anhui, china",Regional Grid,Yangtze River,1995-00-00,Anhui Province Energy Group Co Ltd (Wenergy Group),,,,Anhui Tongling Power Generation Co Ltd,,,http://www.industryabout.com/country-territories-3/1705-china/fossil-fuels-energy/32976-maanshan-wenergy-coal-power-plant
Ninghai Coal Power Plant China,China,Operating Fully,29.4816,121.5114,4400,Super-critical Thermal,Base Load,"Ninghai town, Ningbo City, Zhejiang, China",Regional Grid,Seawater. Largest seawater natural draft cooling towers,2005-00-00,China Shenhua Energy,60,,"Chengdu Southwest Electric Power Design Institute, Kuanghai Thermal Power Construction Co, Tianjin Electric Power Construction",Guohua Zheneng power generation company (Shenhua Guohua Electric Power Corp),,,http://www.csec.com/htmlen/investor/page_3_7_1.html   (Annual Reports)
Qujing Coal Power Plant China,China,Operating Fully,25.6618,104.0662,1200,Sub-critical Thermal,Base Load,"Qujing, Yunnan, China",Regional Grid,Adjacent reservoir,1998-00-00,SDIC Qujing Power Generation Co. Ltd,55.4,,,SDIC Qujing Power Generation Co. Ltd,,,http://www.sdic.com.cn/en/group/A0205index_1.htm    http://www.sdic.com.cn/en/ourbusiness/industry/Power/A02020101index_1.htm
Sanhe Coal Power Plant China,China,Operating Fully,39.9533,116.848,1300,Sub-critical Thermal,Base Load,"Sanhe, Hebei, China",National Grid,,2000-00-00,China Shenhua Energy,38.5,,,CSEC Guohua International Power Company Limited,,,http://www.csec.com/htmlen/investor/page_3_7_1.html   (Annual Reports)
Shandong Weifang Coal Power Plant China,China,Operating Fully,36.66561,119.26478,2000,Both Sub and Super Critical Thermal,Base Load,"12.5 km SE of Weifang, Shandong, China",Regional Grid,,1993-00-00,Huadian Power International Corporation Limited (CHD Group),45,,SHANDONG ELECTRIC POWER ENGINEERING CONSULTINShandong Electric Power construction Company (SEPCO),China Huadian Group Corp,,,http://www.industcards.com/st-coal-china-shandong.htm
Shanghai Caojing Coal Power Plant China,China,Operating Fully,30.7615,121.4,2000,Ultra-Super-Critical Thermal,Base Load,"Shanghai, China",Regional Grid,Seawater,2010-01-12,China Power Investment Corporation,100,,"China Power Investment Engineering Dept, Shanghai Power Construction Engineering Co Ltd",Shanghai Electric Power Co Ltd,,,http://www.scip.com.cn/en/2.asp?id=221
Shanghai Waigaoqiao Coal Power Station China,China,Operating Fully,31.3558,121.5983,5000,Both Sub and Super Critical Thermal,Base Load,"Shanghai, China",Regional Grid,Seawater,1995-00-00,China Power Investment Corporation,,Government SOE,": East China Electric Power Design Institute, Shanghai Power Erection No 2 Co, Black and Veatch",Shenergy Company Ltd,,,http://eng.cpicorp.com.cn/
Shentou CPI Coal Power Plant China,China,Operating Fully,39.5508,112.4912,1320,Sub-critical Thermal,Base Load,"Shuocheng, Shanxi, China",Regional Grid,,1984-00-00,China Power International Development Limited  (acquired in July 2005),100,,,Shanxi Shentou Electric Power Company Limited,,,http://www.chinapower.hk/eng/business/operation.htm  (Also See Annual Reports)
Shentou Datang Coal Power Plant China,China,Operating Fully,39.3659,112.53327,2000,Super-critical Thermal,Base Load,"Shentou, Shuocheng, Shuozhou, Shanxi Province, China",Regional Grid,,1992-07-00,Shanxi Datang International Power Generation Co Ltd,,,,Shanxi Datang International Power Generation Co Ltd,,,http://www.csec.com/
Suizhong Coal Power Plant China,China,Operating Fully,40.079,120.0086,3600,Super-critical Thermal,Base Load,"Suizhong, Huludao, Liaoning, China",Regional Grid,Seawater,2000-00-00,China Shenhua Energy,50,,"Teploelektroproekt Institute, No 3 Engineering Construction Co of Liaoning Electric Power Corp",CSEC Guohua International Power Company Limited,,,http://www.csec.com/htmlen/investor/page_3_7_1.html   (Annual Reports)
Tianjin Beijiang Coal Power Plant China,China,Operating Fully,39.2194,117.93,2000,Ultra-Super-Critical Thermal,Base Load,"Fuzhuang Fentuo, Tianjing, China",Regional Grid,Seawater,2009-11-12,State Development and Industrial Corporation (SDIC),,,"North China Power Engineering, Tianjin Electric Power Construction Co",,,,http://www.industcards.com/st-coal-china-liaoning-tianjin.htm
Tianjin Dagang CHP Coal Power Plant China,China,Operating Fully,38.7753,117.4947,1314,Cogeneration Power and Heat Steam Turbine,Base Load,"DaGang, Tianjin, China",Regional Grid,,,,,,,North China Power Group Company,,,http://www.mhi.co.jp/en/news/sec1/e_0964.html
Xuancheng Coal Power Plant China,China,Operating Fully,30.86956,118.865,600,Super-critical Thermal,Base Load,"Xuancheng, Anhui, China",Regional Grid,,2009-00-00,,,,Anhui Electrical Power Construction No 1 Co,SDIC Huajing Power Holdings Co Ltd,,,http://www.industcards.com/st-coal-china-anhui.htm
Xunjiansi III Coal Power Plant China,China,Operating Fully,23.9574,103.1891,600,Sub-critical Thermal,Base Load,"Xunjiansi, Yunnan, China",Regional Grid,,2012-00-00,China Huadian Group,65,,Yunnan Electric Power Design Institute,Huadian Yunnan Generating Co Ltd,,,http://www.industcards.com/st-coal-china-yunnan.htm
Yangzonghai Coal Power Plant China,China,Operating Fully,24.9625,103.028,1000,Sub-critical Thermal,Base Load,"Yangzonghai, Yunnan, China",Regional Grid,Yangzonghai Lake,1997-00-00,China Guodian Group Corp,51,,,Guodian Yangzonghai Power Company,,,http://www.industcards.com/st-coal-china-yunnan.htm
Yaomeng Coal Power Plant China,China,Operating Fully,33.73722,113.23972,2470,Both Sub and Super Critical Thermal,Base Load,"Pingdingshan, Henan, China",Regional Grid,Adjacent Reservoir,1985-12-00,China Power International Development Limited,100,,,Pingdingshan Yaomeng Power Generating Company Limited,,,http://www.chinapower.hk/eng/business/operation.htm  (Also See Annual Reports)
Zhejiang Jiaxing Coal Power Plant China,China,Operating Fully,30.628,121.145,5000,Both Sub and Super Critical Thermal,Base Load,"Jiaxin, Zhejiang, China",Regional Grid,Seawater,1995-07-00,Zhejiang Energy Group Co Ltd,,State Owned Entreprise,"China Power Complete Equipment, Southeast China Electric Power Design Inst, Zhejiang Electric Power Design Inst, East China Investigation and Design Inst, Zhejiang Electric Power Construction Co, Zhejiang Power Co",Zhejiang Jiaxing Power Generation Co Ltd,,,http://en.wikipedia.org/wiki/List_of_power_stations_in_China
TermoPaipa Coal Power Plant Colombia,Colombia,Operating Fully,5.7682,-73.1472,346,Sub-critical Thermal,Please Select,"Paipa, Boyaca, Colombia",National Grid,adjacent reservoir,1963-00-00,ContourGlobal Latam (unit 4),49,Private,"Initec Energia, ABB, Steag (unit 4)","Gensa (units 1-3), Sochagota Power Company (ContourGlobal and Steag)",,,http://www.ebsa.com.co/
Termoguajira Coal Power Plant Colombia,Colombia,Operating Fully,11.2617,-73.4155,330,Sub-critical Thermal,Peaking Load and Backup,"W of Dibulla, La Guajira, Colombia",National Grid,Seawater,1983-00-00,Gecelca - Generadora y Comercializadora de Energia del Caribe (GECELCA),,Government,"MHI, Asesorías & Construcciones, SADE SA",Gecelca - Generadora y Comercializadora de Energia del Caribe (GECELCA),,,http://www.gecelca.com.co/index.php?option=com_content&view=article&id=93&Itemid=90&lang=en
Termotasajero Coal Power Plant Colombia,Colombia,Operating Fully,7.8473,-72.6328,163,Sub-critical Thermal,Please Select,"30km SW of Cucuta, Norte de Santander, Colombia",National Grid,,1984-12-17,Colombian society COLGENER SA,,,Termotasajero SA (Colombian Institute of Electric Power-ICEL),,,,http://www.termotasajero.com.co/
Zipa Coal Power Plant Colombia,Colombia,Operating Fully,4.9666,-73.9166,223,Sub-critical Thermal,Please Select,"40km North of Bogota, Cundinamarca, Colombia",Regional Grid,,1964-00-00,Endesa Chile,,,,Endesa Chile,,,http://www.endesa.cl/Endesa_Chile/action.asp?id=11410&lang=en
Plomin Thermal Power Plant Croatia,Croatia,Operating Fully,45.137,14.164,330,Sub-critical Thermal,Please Select,"Plomin luka 51, Istarska, Croatia",National Grid,Seawater,1969-00-00,Hrvatska elektroprivreda (HEP) d.d.,50,Joint Public Private,,TE Plomin d.o.o.,,,http://www.hep.hr/proizvodnja/en/basicdata/thermal/plomin.aspx
Chvaletice Coal Power Plant Czech,Czech Republic,Operating Fully,50.0275,15.4533,800,Sub-critical Thermal,Base Load,"East of Chvaletice, Pardubicky. Czech Republic",National Grid,Elbe River via Elbe Waterway,1977-00-00,Elektrarna Chvaletice a. s.,100,,,CEZ a. s.,,,http://www.cez.cz/en/power-plants-and-environment/coal-fired-power-plants/cr/chvaletice.html
Detmarovice Coal Power Plant Czech,Czech Republic,Operating Fully,49.9058,18.4681,800,Cogeneration Power and Heat Steam Turbine,Base Load,"Detmarovice, Moravskoslezsky, Czech Republic",Regional Grid,Olse River,1975-05-00,CEZ a. s.,100,,"Energoprojekt Prague, construction by VOKD Ostrava, and the technological equipment by Skoda Pilsen",CEZ a. s.,,,http://www.cez.cz/en/power-plants-and-environment/coal-fired-power-plants/cr/detmarovice.html
Hodonin Coal CHP Power Plant Czech,Czech Republic,Operating Fully,48.8474,17.1197,95,Cogeneration Power and Heat Steam Turbine,Please Select,"Hodonin, Jihomoravsky. Czech Republic",National Grid,Morava River,1954-00-00,CEZ a. s.,,,,CEZ a. s.,,,http://www.cez.cz/en/power-plants-and-environment/coal-fired-power-plants/cr/hodonin.html
Kladno CHP Thermal Power Plant Czech,Czech Republic,Operating Fully,50.15318,14.12898,516,Sub-critical Thermal,Base Load,"Kladno, Stredocesky, Czech Republic",National Grid,,2000-00-00,Alpiq Energy AG (acquired in 2002),100,Private,,Alpiq Generation (CZ) s.r.o.,,,http://www.alpiq.com/what-we-offer/our-assets/thermal-power-plants/fossil-fuel-power-plants/kladno-thermal-power-station.jsp
Komorany CHP Cioal Power Plant Czech,Czech Republic,Operating Fully,50.522,13.5718,237,Sub-critical Thermal,Base Load,"Teplarenska 2, Most-Komorany, Ustecky, Czech",Please Select,,1951-00-00,United Energy,,,,United Energy,,,http://www.ue.cz/index.php?option=com_content&view=article&id=16&Itemid=103
Ledvice Coal Power Plant Czech,Czech Republic,Operating Fully,50.5766,13.7794,330,Sub-critical Thermal,Base Load,"Ledvice, Ustecky, Czech Republic",National Grid,Elbe River with Vsechlapy Dam as a backup,1966-00-00,CEZ a. s.,100,,,CEZ a. s.,,,http://www.cez.cz/en/power-plants-and-environment/coal-fired-power-plants/cr/ledvice.html
Melnik I Coal Power Plants Czech,Czech Republic,Operating Fully,50.4146,14.4138,352,Cogeneration Power and Heat Steam Turbine,Base Load,"Homi Pocaply, Stredocesky, Czech Repulic",National Grid,Elbe River,1960-00-00,Energotrans a.s.  (detached from CEZ since October 1993),100,Joint Stock Company,,ENERGOTRANS a.s.,,,http://www.ptas.cz/en_energotrans/
Melnik II and III Coal Power Plants Czech,Czech Republic,Operating Fully,50.4119,14.4188,720,Sub-critical Thermal,Base Load,"Homi Pocaply, Stredocesky, Czech Repulic",National Grid,Elbe River (common channel for all three plants),1971-11-00,CEZ a. s.,100,,,CEZ a. s.,,,http://www.cez.cz/en/power-plants-and-environment/coal-fired-power-plants/cr/melnik.html
Opatovice CHP Coal Power Plant Czech,Czech Republic,Operating Fully,50.1264,15.7922,363,Sub-critical Thermal,Base Load,"South of Opatovice, Pardubice, Czech Republic",National Grid,,1958-00-00,International Power plc (acquired in 1997),100,Joint Stock Company,,Elektrarny Opatovice a.s.,,,http://www.eop.cz/en/ostatni/exk_strojovna.php
Pocerady Coal Power Plant Czech,Czech Republic,Operating Fully,50.4268,13.6788,1000,Sub-critical Thermal,Base Load,"Pocerady, Ustecky, Czech Republic",National Grid,Ohre River,1970-00-00,CEZ a. s.,,,,CEZ a. s.,,,http://www.cez.cz/en/power-plants-and-environment/coal-fired-power-plants/cr/pocerady.html
Porici Coal Power Plant Czech,Czech Republic,Operating Fully,50.5727,15.9634,165,Sub-critical Thermal,Please Select,"East of Trutnov, Kralovehradecky, Czech Republic",National Grid,,1957-00-00,,,,,CEZ a. s.,,,http://www.cez.cz/en/power-plants-and-environment/coal-fired-power-plants/cr/porici.html
Prunerov I and II CHP Coal Power Plant Czeech,Czech Republic,Operating Fully,50.418,13.259,1490,Sub-critical Thermal,Base Load,"western edge of the North-Bohemian brown coal basin near the town of Chomutov, Ustecky, Czech",National Grid,Ohre River,1967-00-00,CEZ Group Czech Republic (acquired in 1993),,,,CEZ Group,,,http://www.cez.cz/en/power-plants-and-environment/coal-fired-power-plants/cr/prunerov.html
Tisova CHP Coal Power Plant Czech,Czech Republic,Operating Fully,50.1496,12.6108,295.8,Sub-critical Thermal,Base Load,"Tisova, Karlovarsky, Czech",National Grid,,1958-12-00,CEZ a. s.,100,Government,,CEZ a. s.,,,http://www.cez.cz/en/power-plants-and-environment/coal-fired-power-plants/cr/tisova.html
Tusimice Coal Power Plant Czech,Czech Republic,Operating Fully,50.38247,13.340213,800,Cogeneration Power and Heat Steam Turbine,Base Load,"Tusimice, Ustecky, Czech Republic",National Grid,Ohre River,1974-00-00,CEZ a. s.,100,,,CEZ a. s.,,,http://www.cez.cz/en/power-plants-and-environment/coal-fired-power-plants/cr/tusimice.html
Zlin Coal Power Plant Czech Republich,Czech Republic,Operating Fully,49.2269,17.65456,69,Sub-critical Thermal,Cogeneration,"Zlin, Moravskoslezsky, Czech Republic",National Grid,,1996-00-00,Alpiq,100,,,Alpiq Generation,,,http://www.alpiq.com/what-we-offer/our-assets/thermal-power-plants/coal-fired-power-plants/zln-thermal-power-station.jsp
Amager Coal CHP Power Plant Denmark,Denmark,Operating Fully,55.686,12.627,438,Sub-critical Thermal,Base Load,"Copenhagen, Denmark",National Grid,Seawater,1971-00-00,Vattenfall,100,,,Vattenfall,,,http://www.vattenfall.dk/da/amagervarket.htm
Asnaes Coal CHP Power Plant Denmark,Denmark,Operating Fully,55.6614,11.0828,790,Sub-critical Thermal,Base Load,"Kalundborg, Zealand, Denmark",Please Select,Seawater,1959-00-00,DONG Energy,100,,,DONG Energy,,,http://www.dongenergy.com/en/business%20activities/generation/activities/central_power_stations/pages/asnaes_power_station.aspx
Avedore Coal CHP Power Plant Denmark,Denmark,Operating Fully,55.6027,12.4792,825,Both Sub and Super Critical Thermal,Base Load,"Copenhagen, Denmark",Regional Grid,,1990-00-00,DONG Energy,,,,DONG Energy,,,http://www.dongenergy.com/en/business%20activities/generation/activities/central_power_stations/pages/avedoere_power_station.aspx
Ensted Coal CHP Power Plant Denmark,Denmark,Operating Fully,55.0206,9.4419,626,Sub-critical Thermal,Base Load,"Aabenraa, South Denmark, Denmark",National Grid,Seawater,1979-00-00,DONG Energy,,,,DONG Energy,,,http://www.dongenergy.com/en/business%20activities/generation/activities/central_power_stations/pages/ensted_power_station.aspx
Esbjerb Coal CHP Power Plant Denmark,Denmark,Operating Fully,55.4552,8.4544,378,Super-critical Thermal,Base Load,"Esbjerg, South Denmark, Denmark",Please Select,Seawater,1992-00-00,DONG Energy,,,,DONG Energy,,,http://www.dongenergy.com/en/business%20activities/generation/activities/central_power_stations/pages/esbjerg_power_station.aspx
Nordjylland Coal CHP Power Station Denmark,Denmark,Operating Fully,57.0736,10.0416,716,Both Sub and Super Critical Thermal,Base Load,"Aalborg, North Jutland, Denmark",National Grid,Seawater,1977-00-00,Aalborg EnergiKoncern,,Public,,Aalborg EnergiKoncern,,,http://www.vattenfall.dk/da/file/NordjyllandUK080121_7841588.pdf
Randers Coal CHP Power Plant Denmark,Denmark,Operating Fully,56.4584,10.0475,52,Sub-critical Thermal,Please Select,"Randers, North Jutland, Denmark",National Grid,Seawater,1982-00-00,Energi Randers A/S,,,,Energi Randers A/S,,,http://www.aet-biomass.com/it/energi_randers.php
Stignaes Coal CHP Power Plant Denmark,Denmark,Operating Fully,55.2079,11.2528,409,Sub-critical Thermal,Base Load,"Skaelskor, Zealand, Denmark",National Grid,Seawater,1966-00-00,DONG Energy,100,,,DONG Energy,,,http://www.dongenergy.com/en/business%20activities/generation/activities/central_power_stations/pages/stigsnaes_power_station.aspx
Studstrup Coal CHP Power Plant Denmark,Denmark,Operating Fully,56.2504,10.344,750,Sub-critical Thermal,Base Load,"Studstrup, Kalo Vig, Aarhus, North Jutland, Denmark",National Grid,Seawater,1984-00-00,DONG Energy,,,,DONG Energy,,,http://www.dongenergy.com/en/business%20activities/generation/activities/central_power_stations/pages/studstrup_power_station.aspx
Hanasaari-B Thermal CHP Power Plant Finland,Finland,Operating Fully,60.1841,24.9711,220,Sub-critical Thermal,Please Select,"Helsinki, Southern Finland, Finland",National Grid,Seawater,1974-00-00,Helsingin Energia,,,,Helsingin Energia,,,http://www.helen.fi/ymparisto_eng/hanasaari.html
Inkoo Coal Power Plant Finland,Finland,Operating Partially,60.02,23.912778,750,Sub-critical Thermal,Peaking Load and Backup,"Gulf of Finland in Fagervik, Inkoo, Southern Finland, Finland",National Grid,Seawater,1974-00-00,Fortum,,,,Fortum,,,http://www.fortum.com/en/energy-production/condensing-power/inkoo-pp/pages/default.aspx
Kristiina Thermal Power Plant Finland,Finland,Operating Fully,62.2553,21.3268,452,Sub-critical Thermal,Please Select,"Kristinestad, Western Finland, Finland",National Grid,Seawater,1974-00-00,Pohjolan Voima Oy,100,,,Pohjolan Voima Oy,,,8134-PVO_kristiina_08_ENG.pdf
Martinlaakso Thermal CHP Power Plant Finland,Finland,Operating Fully,60.2833,24.8364,195,Sub-critical Thermal,Please Select,"Martinlaakso, Southern Finland, Finland",National Grid,,1975-00-00,Vantaan Energia Oy,,,,Vantaan Energia Oy,,,http://www.vantaanenergia.fi/en/SocialResponsibility/theenergyandtheenvironment/Pages/EfficientPowerfromcogeneration.aspx
Meri-Pori Coal Power Plant Finland,Finland,Operating Fully,61.6317,21.4068,565,Super-critical Thermal,Base Load,"Tahkoluoto, Pori, Western Finland, Finland",National Grid,Seawater,1994-00-00,Fortum,55,,,Fortum,,,http://www.fortum.com/en/energy-production/condensing-power/meri-pori-pp/pages/default.aspx
Mussalo Thermal CHP Power Plant Finland,Finland,Operating Fully,60.4352,26.9118,313,Sub-critical Thermal,Please Select,"Island of Mussolo, Kotka, Southern Finland, Finland",National Grid,Seawater,1966-00-00,Pohjolan Voima Oy,100,,,Mussalon Voima Oy,,,8135-PVO_mussalo_08_ENG.pdf
Naantali Thermal CHP Power Plant Finland,Finland,Operating Fully,60.4583,22.0542,375,Sub-critical Thermal,Please Select,"Naantali, Turku, Western Finland, Finland",National Grid,Seawater,1960-00-00,Fortum,49.5,,,Fortum  (for Turun Seudun Maakaasu ja Energiantuotanto Oy (TSME)),,,http://www.fortum.com/en/mediaroom/pages/fortum-to-sell-the-shares-of-fortum-heat-naantali-oy-to-regional-energy-producer-tsme-in-turku-finland.aspx
Salmisaari-B Thermal CHP Power Plant Finland,Finland,Operating Fully,60.1656,24.9048,160,Sub-critical Thermal,Please Select,"Salmisaari, Southern Finland, Finland",National Grid,Seawater,1984-00-00,Helsingin Energia,,,,Helsingin Energia,,,http://helen.fi/ymparisto_eng/salmisaari.html
Tahkoluoto Thermal CHP Power Plant Finland,Finland,Operating Fully,61.6322,21.405,235,Sub-critical Thermal,Please Select,"Tahkoluoto, Pori, Western Finland, Finland",National Grid,Seawater,1976-00-00,Pohjolan Voima Oy,100,,,Pohjolan Voima Oy,,,http://www.pohjolanvoima.fi/en/company
Vaskiluoto Thermal CHP Power Plant Finland,Finland,Operating Fully,63.0914,21.5539,390,Sub-critical Thermal,Please Select,"Vaasa, Western Finland, Finland",National Grid,Seawater,1972-00-00,EDA Energy Ltd,50,,,Vaskiluodon Voima Oy,,,
Bienod Thermal Power Plant France,France,Operating Fully,48.8684,6.08024,750,Sub-critical Thermal,Peaking Load,"Blénod-lès-Pont-à-Mousson, Meurthe-et-Moselle",National Grid,Moselle river,1963-00-00,Electricite de France (EdF),,,,Electricité de France,,,http://energies.edf.com/edf-fr-accueil/la-production-d-electricite-edf/thermique/les-centrales-thermiques-a-flamme/blenod/presentation-120807.html
Bouchain Coal Power Plant France,France,Operating Partially,50.2964,3.31585,250,Sub-critical Thermal,Peaking Load,"Bouchain, département of Nord, in triangle between cities of Douai, Valenciennes, Cambrai.",National Grid,,1970-00-00,Electricite de France (EdF),100,,,Electricité de France,,,http://energies.edf.com/edf-fr-accueil/la-production-d-electricite-edf/thermique/les-centrales-thermiques-a-flamme/bouchain/presentation-120662.html
Centrale de Lucy Coal Power Station France,France,Operating Partially,46.667,4.351,270,Please Select,Peaking Load,"Montceau-les-Mines, Saone-et-Loire, France",Please Select,,1929-00-00,E. ON (main shareholder since 2008),,,,La SNET (Societe Nationale de Electricite et de Thermique),,,http://www.snet-electricite.fr/ang_index.html
Cordemais Thermal Power Station France,France,Operating Fully,47.27556,-1.877889,2600,Sub-critical Thermal,Base/Intermediate Load,"Cordemais, Loire-Atlantique, France",Regional Grid,Loire River,1970-00-00,Electricite de France (EdF),,,,Electricite de France (EdF),,,http://www.sourcewatch.org/index.php?title=Cordemais_Power_Station_Expansion
Courrieres Coal Power Plant France (Shutdown),France,Please Select,50.44824,2.8739976,,Please Select,Please Select,"Courrieres, Pas-de-Calais, France",Please Select,,1963-00-00,,,,,Charbonnages de France,,,http://www.industcards.com/st-coal-france.htm
EdF Le Havre Coal Power Plant France,France,Operating Fully,49.47565,0.14913,1995,Sub-critical Thermal,Base Load,"La Havre, France",National Grid,Seawater,1968-00-00,Electricite de France (EDF),,,,Electricite de France (EDF),,,http://www.industcards.com/st-coal-france.htm
Emile-Huchet Coal Power Plant France,France,Please Select,49.151,6.697,1086,Please Select,Please Select,"Saint-Avold, Moselle, France",Please Select,,1952-00-00,E. ON (main shareholder since 2008),,,,La SNET,,,http://www.snet-electricite.fr/ang_index.html
Hornaing B Coal Power Plant France,France,Please Select,50.37393,3.33896,253,Please Select,Please Select,"Hornaing, Between Douai and Valenciennes, in the Nord- pas-de-Calais, France",Please Select,,1958-00-00,E. ON,,,,La SNET,,,http://www.snet-electricite.fr/ang_index.html
"La Maxe Combustion Coal Power Plant, France",France,Please Select,49.15656,6.190538,500,Please Select,Please Select,"Woippy, Moselle, France",Please Select,,1971-00-00,Electricite de France (EDF),,,,Electricié de France,,,http://energies.edf.com/edf-fr-accueil/la-production-d-electricite-edf/thermique/les-centrales-thermiques-a-flamme/la-maxe/presentation-120815.html
Altbach Coal Power Plant Germany,Germany,Operating Fully,48.7175,9.375,1200,Sub-critical Thermal,Base Load,"Altbach, Baden-Württemberg, Germany",National Grid,,1985-00-00,EnBW,,,,EnBW Kraftwerke AG,,,
Bergkamen Coal CHP Power Plant Germany,Germany,Operating Fully,51.6368,7.61908,747,Sub-critical Thermal,Base Load,"Bergkamen-Heil, North Rhine-Westphalia, Germany",National Grid,Datteln-Hamm Canal,1981-00-00,RWE Power,51,,,Gemeinschaftskraftwerk Bergkamen A oHG,,,http://www.rwe.com/web/cms/en/1770864/rwe-generation-se/locations/germany/bergkamen-power-plant/
Bexbach Coal CHP Power Plant Germany,Germany,Operating Fully,49.3631,7.23778,773,Sub-critical Thermal,Please Select,"Saarland, Germany",National Grid,,1983-10-12,KBV - Kraftwerk Bexbach mbH,75,,,Steag Power Saar GmbH,,,http://www.steag.com/bexbach.html   http://power-saar.steag-saarenergie.de/en/index.php
Boxberg Coal Power Plant Germany,Germany,Operating Fully,51.4161,14.564722,2575,Please Select,Base Load,"Boxberg, Saxony, Germany",National Grid,,1979-00-00,Vettenfall,100,Private,,Vattenfall,,,http://powerplants.vattenfall.com/node/291
Buschhaus Coal Power Station Germany,Germany,Operating Fully,52.17139,10.97694,390,Sub-critical Thermal,Base Load,"near Helmstedt, Lower Saxony, Germany",Please Select,,1985-00-00,E.ON Kraftwerke GmbH,,Private,,E.ON Kraftwerke GmbH (BKB AG),,,http://www.eon-kraftwerke.com/pages/ekw_en/E.ON_Kraftwerke/Locations/index.htm  and  http://www.eon-schafft-transparenz.de/kraftwerke/braunkohle
Datteln Coal CHP Power Plant Germany,Germany,Operating Partially,51.6295,7.3313,303,Sub-critical Thermal,Please Select,"Datteln, North Rhine-Westphalia, Germany",National Grid,Datteln-Hamm Canal,1964-00-00,E.ON Power,100,,,E.ON Power,,,http://www.eon.com/en/about-us/structure/asset-finder/datteln.html
Duisburg-Walsum Coal CHP Power Plant Germany,Germany,Operating Fully,51.52849,6.71389,1285,Both Sub and Super Critical Thermal,Please Select,"Walsum, North Rhine-Westphalia, Germany",National Grid,Rhine River,1959-00-00,STEAG GmbH (100% owner of blocks 7 and 9),51,,,Steag Power GmbH,,,http://www.steag.com/walsum.html
Frimmersdorf Coal Power Plant Germany,Germany,Operating Fully,51.0555,6.5767,2413,Sub-critical Thermal,Base Load,"Frimmersdorf, North Rhine-Westphalia, Germany",National Grid,Erft River,1955-00-00,RWE Power,,,,RWE Power,,,http://www.rwe.com/web/cms/en/9002/rwe-power-ag/locations/lignite/frimmersdorf-power-plant/
Großkrotzenburg (Staudinger) Coal CHP Power Station Germany,Germany,Operating Fully,50.088,8.9522,1823,Sub-critical Thermal,Base Load,"Großkrotzenburg, Hesse, Germany",National Grid,Main River,1965-00-00,E.ON Kraftwerke GmbH,,Private,,E.ON Kraftwerke GmbH,,,http://www.eon.com/content/eon-com/en/about-us/structure/asset-finder/staudinger.html
Gustav Knepper Coal Power Plant Germany,Germany,Operating Fully,51.5683,7.3489,364,Sub-critical Thermal,Please Select,"Dortmund, North Rhine-Westphalia, Germany",National Grid,,1971-00-00,E.ON Energie,100,,,E.ON Energie,,,http://www.eon.com/content/eon-com/de/about-us/structure/asset-finder/knepper-power-station.html
Hamburg-Moorburg CHP Coal Power Plant Gerrmany,Germany,Built and In Test Stage,53.489,9.949,1640,Ultra-Super-Critical Thermal,Base Load,"Moorburg, Hamburg, Germany",National Grid,Elbe River,2014-00-00,Vattenfall Europe,,,,Vattenfall Europe,,,http://www.vattenfall.de/de/moorburg/das-kraftwerk-moorburg.htm
Heilbronn Coal CHP Power Plant Germany,Germany,Operating Fully,49.176,9.2073,1066,Sub-critical Thermal,Base Load,"Heilbronn, Baden-Wurttemberg, Germany",National Grid,Neckar River,1965-00-00,EnBW Kraftwerke AG,,,,EnBW Kraftwerke AG,,,http://www.enbw.com/unternehmen/konzern/energieerzeugung/fossile-energie/standorte.html
Herne Coal CHP Power Plant Germany,Germany,Operating Fully,51.5502,7.18727,950,Sub-critical Thermal,Base Load,"Herne, North Rhine-Westphalia, Germany",National Grid,Rhine-Herne Canal,1962-00-00,Steag GmbH,100,Private,,STEAG GmbH,,,http://www.steag.com/herne+M52087573ab0.html   http://www.steag.com/herne.html
Heyden Coal Power Plant Germany,Germany,Operating Fully,52.3819,8.998333,875,Sub-critical Thermal,Base Load,"15 kilometers north of Minden, North Rhine-Westphalia, Germany",National Grid,,1987-04-23,E.ON Kraftwerke GmbH,,,,E.ON Kraftwerke GmbH,,,http://www.eon.com/de/ueber-uns/struktur/asset-finder/heyden.html
Ibbenburen Coal Power Plant Germany,Germany,Operating Fully,52.2865,7.7464,838,Sub-critical Thermal,Base Load,"Ibbenburen, North Rhine-Westphalia, Germany",Please Select,,1985-06-19,RWE Power AG,100,,Veba Kraftwerke Ruhr AG,RWE Power AG,,,http://www.rwe.com/web/cms/en/1770936/rwe-generation-se/locations/germany/ibbenbueren-power-plant/
Janschwalde Coal Power Plant Germany,Germany,Operating Fully,51.8347,14.4603,3000,Sub-critical Thermal,Base Load,"Near Peitz Janschwalde, Brandenburg, Germany",National Grid,,1981-00-00,Vattenfall,,,,Vattenfall,,,http://powerplants.vattenfall.com/node/288
Karlsruhe RDK 7 and 8 Power Plant Germany,Germany,Operating Fully,49.0131,8.308,1462,Both Sub and Super Critical Thermal,Base/Intermediate Load,"Karlsruhe, Baden-Wurttemberg, Germany",National Grid,Rhine River,1985-00-00,EnBW Rhinehafen,,Private,,EnBW Rhinehafen,,,http://www.enbw.com/
Klingenberg CHP Coal Power Plant Germany,Germany,Operating Fully,52.4889,13.4968,188,Sub-critical Thermal,Base Load,"Berlin, Germany",National Grid,,1927-00-00,Vattenfall,100,Private,,Vattenfall,,,http://powerplants.vattenfall.com/node/300
Knepper CHP Coal Power Plant Germany,Germany,Operating Fully,51.5683,7.3494,345,Sub-critical Thermal,Please Select,"Castrop-Rauxel, Dortmund, North Rhine-Westphalia, Germany",National Grid,,1971-00-00,E.ON Power,,,,E.ON Power,,,http://www.eon.com/de/ueber-uns/struktur/asset-finder/knepper-power-station.html
Lausward E CHP Coal Power Plant Germany,Germany,Operating Fully,51.222,6.7317,458,Sub-critical Thermal,Please Select,"Dusseldorf, North Rhine-Westphalia, Germany",National Grid,Rhein River,1974-00-00,Stadtwerke Dusseldorf,,,,Stadtwerke Dusseldorf,,,http://www.swd-ag.de/privatkunden/strom/stromerzeugung.php
Lippendorf Coal Power Plant Germany,Germany,Operating Fully,51.1822,12.3733,1866,Super-critical Thermal,Base Load,"Lippendorf, Neukieritzsch, Saxony, Germany",National Grid,,1999-00-00,Vattenfall,50,Private,"ABB, Heitkamp Ingenieur- und Kraftwerksbau",Vattenfall Europe,,,http://powerplants.vattenfall.com/node/293
Lünen CHP Coal Power Plant Germany,Germany,Operating Fully,51.6142,7.4805,507,Sub-critical Thermal,Base/Intermediate Load,"Lunen, North Rhine-Westphalia, Germany",National Grid,,1962-00-00,Stadtwerke-Rhein-Ruhr consortium,,,,Steag Power GmbH,,,http://www.steag.com/luenen.html
Lünen Trianel Coal Power Plant Germany,Germany,Operating Fully,51.61412,7.46155,750,Ultra-Super-Critical Thermal,Base Load,"Datteln-Hamm Canal, Lunen, North Rhine-Westphalia, Germany",National Grid,Datteln-Hamm Canal,2013-12-01,Trianel,,,,Trianel,,,http://www.trianel-luenen.de/
Mannheim Coal CHP Power Plant Germany,Germany,Operating Fully,49.4442,8.5001,1455,Sub-critical Thermal,Base Load,"Mannheim-Neckarau, Baden-Wurttemberg, Germany",National Grid,Rhine River,1970-00-00,RWE Power,40,Privte,,Grosskraftwerk Mannheim (GKM),,,http://www.gkm.de/
Mehrum Coal Power Plant Germany,Germany,Operating Fully,52.315,10.093,750,Sub-critical Thermal,Please Select,"Mehrum, Lower Saxony, Germany",National Grid,Mittellandkanal,1979-00-00,Stadtwerke Hannover AG,83.3,,,Kraftwerk Mehrum GmbH,,,http://www.kraftwerk-mehrum.de/kraftwerk-mehrum-start.htm   http://www.kraftwerk-mehrum.de/01-content/Kraftwerk-FaktenZahlen.htm
Munchen Nord CHP Power Plant Germany,Germany,Operating Fully,48.1805,11.6393,360,Sub-critical Thermal,Base Load,"Munich, Bavaria, Germany",Regional Grid,,1991-00-00,Stadtwerke Munchen,100,Municipal,,Stadtwerke Munchen,,,http://www.swm.de/privatkunden/unternehmen/energieerzeugung/erzeugungsanlagen/heizkraftwerke.html
Neurath BOA Coal Power Plant Germany,Germany,Operating Fully,51.035,6.6333,2200,Ultra-Super-Critical Thermal,Base Load,"Neurath, North Rhine-Westphalia, Germany",National Grid,Erft River,2012-08-15,RWE Power,,Private,"Alstom, Kraftanlagen München",RWE Power,,,http://www.rwe.com/web/cms/en/12068/rwe-power-ag/locations/lignite/kw-neurath-boa-2-3/
Neurath Coal Power Plant Germany,Germany,Operating Fully,51.03786,6.61206,2205,Sub-critical Thermal,Base Load,"Neurath, North Rhine-Westphalia, Germany",National Grid,Erft River,1972-00-00,RWE Power,,Private,,RWE Power,,,http://www.rwe.com/web/cms/en/60110/rwe-power-ag/locations/lignite/neurath-power-plant/
Niederaussem Coal Power Plant Germany,Germany,Operating Fully,50.9921,6.6666,3400,Sub-critical Thermal,Base Load,"Bergheim, North Rhine-Westphalia, Germany",National Grid,,1963-00-00,RWE Power,,,,RWE Power,,,http://www.rwe.com/web/cms/de/60132/rwe-power-ag/standorte/braunkohle/kw-niederaussem/
Reuter West CHP Coal Power Plant Germany,Germany,Operating Fully,52.535,13.2427,600,Sub-critical Thermal,Base Load,"Berlin, Germany",National Grid,Spree River,1987-00-00,Vattenfall,100,Private,,Vattenfall Europe Berlin AG & Co,,,http://kraftwerke.vattenfall.de/powerplant/reuter-west   http://powerplants.vattenfall.com/node/297
Rostock CHP Coal Power Plant Germany,Germany,Operating Fully,54.1414,12.1319,553,Sub-critical Thermal,Please Select,"Rostock, Mecklenburg-West Pomerania, Germany",National Grid,,1994-10-00,E.ON Power,45.7,,,Kraftwerks- und Netzgesellschaft mbH (KNG),,,http://www.kraftwerk-rostock.de/
Schkopau CHP Coal Power Station Germany,Germany,Operating Fully,51.39845,11.95032,916,Cogeneration Power and Heat Steam Turbine,Base Load,"Korbetha, Schkopau, Saxony-Anhalt, Germany",National Grid,Saale River,1995-00-00,E.ON Kraftwerke GmbH,58.1,Private,,E.ON Kraftwerke GmbH,,,http://www.eon-kraftwerke.com/pages/ekw_en/E.ON_Kraftwerke/Locations/index.htm
Scholven (Gelsenkirchen) Coal Power Plant Germany,Germany,Operating Fully,51.6024,7.00636,2200,Sub-critical Thermal,Base Load,"Scholven, Northrine-Westphalia, Germany",Regional Grid,,1948-00-00,E.ON Kraftwerke GmbH,,Private,,E.ON Kraftwerke GmbH,,,http://www.kraftwerk-scholven.com/pages/ekw_en/Scholven_Power_Plant/Overview/index.htm
Schwarze Pumpe Coal Power Plant Germany,Germany,Operating Fully,51.5357,14.3538,1600,Super-critical Thermal,Base Load,"Brandenburg, Germany",National Grid,,1997-00-00,vattenfall,100,Private,,Vattenfall Europe AG,,,http://powerplants.vattenfall.com/node/289
Shamrock Coal Power Plant Germany,Germany,Decommissioned,51.5283,7.179,120,Sub-critical Thermal,Please Select,"Holsterhausen, Herne, North Rhine-Westphalia, Germany",National Grid,,1957-00-00,E.ON Germany,,,,E.ON Germany,,,http://www.eon.com/en/about-us/structure/asset-finder/shamrock.html
Veltheim Coal Power Plant Germany,Germany,Operating Fully,52.1898,8.9335,320,Sub-critical Thermal,Please Select,"Porta Westfalica, North Rhine-Westphalia, Germany",National Grid,Weser River,1970-00-00,E.ON Kraftwerke GmbH,66.7,,,Gemeinschaftskraftwerk Veltheim GmbH,,,http://www.gk-veltheim.de/
Voerde Coal Power Plant Germany,Germany,Operating Fully,51.5771,6.6814,2234,Sub-critical Thermal,Base Load,"Voerde, North Rhine-Westphalia, Germany",National Grid,Rhine River,1970-00-00,STEAG GmbH,75,Private,,STEAG GmbH,,,http://www.steag.com/voerde+M52087573ab0.html   http://www.steag.com/voerde.html
Völklingen-Fens CHP Coal Power Plant Germany,Germany,Operating Fully,49.2489,6.8812,466,Cogeneration Power and Heat Steam Turbine,Please Select,"Völklingen, Saarland, Germany",National Grid,Saar River,1982-00-00,Steag Power GmbH,,,,Steag Power GmbH,,,http://www.steag.com/voelklingenfenne.html  http://power-saar.steag-saarenergie.de/en/index.php
Wedel CHP Power Plant Germany,Germany,Operating Fully,53.5667,9.72528,391.7,Sub-critical Thermal,Cogeneration,"Wedel, Schleswig-Holstein, Germany",Regional Grid,Elbe River,1965-00-00,Vattenfall,100,,,Vattenfall,,,http://powerplants.vattenfall.com/node/296
Weiher-3 (Quierschied) CHP Coal Power Plant Germany,Germany,Operating Fully,49.3347,7.0348,724,Sub-critical Thermal,Base Load,"Quierschied, Saarland, Germany",National Grid,Saar River,1976-00-00,Steag,,,Steag,Steag Power GmbH,,,http://www.steag.com/weiher.html   http://power-saar.steag-saarenergie.de/en/index.php
Weisweiler Coal Power Plant Germany,Germany,Operating Fully,50.8387,6.3219,2180,Sub-critical Thermal,Base Load,"Weisweiler, North Rhine-Westphalia, Germany",National Grid,,1955-00-00,RWE Generation SE,,,,RWE Generation SE,,,http://www.rwe.com/web/cms/en/60142/rwe-power-ag/locations/lignite/weisweiler-power-plant/
Werdohl-Elverlingsen E Coal Power Plant Germany,Germany,Operating Fully,51.27587,7.70679,487,Sub-critical Thermal,Please Select,"North of Elverlingsen, North Rhine-Westphalia, Germany",National Grid,Lenne River,1971-00-00,Mark-E Aktiengesellschaft (Hagen),,,,Mark-E,,,http://www.mark-e.de/Desktopdefault.aspx/tabid-63/49_read-71
Werne (Gersteinwerk Block K) Coal Power Plant Germany,Germany,Operating Fully,51.6739,7.7195,770,Sub-critical Thermal,Base/Intermediate Load,59368 Werne Hammer Straße 2 Germany,National Grid,Lippe River,1984-00-00,RWE,100,Private,,RWE Gneration,,,werne-gersteinwerk-power-plants-pdf.pdf
Westfalen Coal Power Plant Germany,Germany,Operating Fully,51.6805,7.9696,305,Sub-critical Thermal,Base/Intermediate Load,"Siegenbeckstraße, Hamm-Uentrop, Germany",National Grid,Datteln-Hamm Canal,1963-00-00,RWE Power,100,Private,,RWE Power,,,http://www.rwe.com/web/cms/de/1770974/rwe-generation-se/standorte/deutschland/kw-westfalen/
Westfalen Hamm Coal Power Plant Germany,Germany,Operating Fully,51.6766,7.9724,1600,Super-critical Thermal,Base Load,"Uentrop-Schmehausen, North Rhine-Westphalia, Germany",National Grid,Lippe River,2014-00-00,RWE Power,,,,RWE Power,,,http://www.rwe.com/web/cms/mediablob/en/331230/data/12428/4/rwe-power-ag/power-plant-new-build/westfalen-power-station-units-d-and-e/Westfalen-Power-Plant-New-build-project-units-d-and-e.pdf
Wilhelmshaven Coal Power Plant Germany,Germany,Operating Fully,53.5647,8.1469,757,Sub-critical Thermal,Base Load,"Wilhelmshaven, Lower Saxony, Germany",National Grid,Seawater,1976-00-00,E.ON Kraftwerke GmbH,100,Private,,E.ON Kraftwerke GmbH,,,http://www.eon.com/de/ueber-uns/struktur/asset-finder/wilhelmshaven.html
Zolling Coal CHP Power Plant Germany,Germany,Operating Fully,48.4554,11.8017,474,Sub-critical Thermal,Base Load,"Zolling, Freising, Bavaria, Germany",National Grid,Amper River,1986-00-00,GDF SUEZ (swap with E.ON in 2009),100,,,GDF SUEZ Energie Deutschland AG,,,https://www.gdfsuez-energie.de/de/erzeugung/erzeugungsanlagen/zolling
Aghios Dimitrios Coal Power Plant Greece,Greece,Operating Fully,40.3933,21.9249,1595,Sub-critical Thermal,Base Load,"near Agios Dimitrios, Kozani, Greece",National Grid,,1984-00-00,Public Power Corp (DEH),,Government,Alsaldo (unit 5),Public Power Corp (DEH),,,http://www.dei.gr/Default.aspx?id=146&nt=123&lang=2
Aminteo (Amyntaio)  Coal Power Plant Greece,Greece,Operating Fully,40.6191,21.6838,600,Sub-critical Thermal,Base Load,"near Amyntaio, Florina, Western Macedonia, Greece",National Grid,,1987-00-00,Public Power Corp (DEH),,Government,,Public Power Corp (DEH),,,http://www.dei.gr/Default.aspx?id=146&nt=123&lang=2
Florina  Coal Power Plant Greece,Greece,Operating Fully,40.8114,21.6014,330,Super-critical Thermal,Base Load,"Meliti, Ahlada, Florina, Western Macedonia, Greece",National Grid,,2003-10-02,Public Power Corp (DEH),,Government,Alstom,Public Power Corp (DEH),,,http://www.dei.gr/Default.aspx?id=146&nt=123&lang=2
Kardia  Coal Power Plant Greece,Greece,Operating Fully,40.4105,21.7851,1250,Sub-critical Thermal,Base Load,"Kozani, West Macedonia, Kozani, Greece",National Grid,,1975-00-00,Public Power Corp (DEH),,,,Public Power Corp (DEH),,,http://www.dei.gr/Default.aspx?id=146&nt=123&lang=2
Megalopoli Coal Power Plant Greece,Greece,Operating Fully,37.418,22.1083,850,Sub-critical Thermal,Base Load,"near Megalopoli, Arcadia, Peloponnese, Greece",National Grid,Alpheus River,1970-00-00,Public Power Corp (DEH),,Government,,Public Power Corp (DEH),,,http://www.dei.gr/Default.aspx?id=146&nt=123&lang=2
Ptolemais Coal Power Plant Greece,Greece,Operating Fully,40.4807,21.7282,550,Sub-critical Thermal,Base Load,"Kozani, West Macedonia, Kozani, Greece",National Grid,,1959-00-00,Public Power Corp (DEH),,Government,,Public Power Corp (DEH),,,http://www.dei.gr/Default.aspx?id=146&nt=123&lang=2
